uid,dates,title,url
htm_2_1,(6 November 2013) ,"Her Excellency Ms Frances Adamson Australian Ambassador to the People’s Republic of China- Speech to London Metal Exchange Downunder Dinner at The Regent Theatre, Melbourne",http://www.china.embassy.gov.au//bjng/131106HOMLME.html
htm_2_2,(27 September2013) ,Win a year of study in Australia!,http://www.china.embassy.gov.au//bjng/130927MR.html
htm_2_3,(17 September 2014) ,AUSTRALIAN DESIGN INDUSTRY DELEGATION TO BEIJING DESIGN WEEK,http://www.china.embassy.gov.au//bjng/140917MR.html
htm_2_4,(23 August 2014) ,"Her Excellency Ms Frances Adamson Australian Ambassador to the People’s Republic of China - Speech at the Opening Ceremony：The 20th Summit of China Dairy Industry Association at Shanghai Everbright Convention and Exhibition Centre, Shanghai, Saturday 23 August, 2014",http://www.china.embassy.gov.au//bjng/140823HOMspeech.html
htm_2_5,(14-27 March 2015) ,2015 Australian Writers\' Week,http://www.china.embassy.gov.au//bjng/2015AWW.html
htm_2_6,(14 December 2017) ,Australian Ambassador Jan Adams' Speech at Australia-China 45th Anniversary Lunch,http://www.china.embassy.gov.au//bjng/171214homspeech.html
htm_2_7,(10 December 2017) ,International Human Rights Day,http://www.china.embassy.gov.au//bjng/humanrightsday.html
htm_2_8,(26 September 2017) ,Media release: Celebrating Australia-China Science and Innovation Cooperation,http://www.china.embassy.gov.au//bjng/20170926mr.html
htm_2_9,(15 September 2017) ,Media release: Best of Australian design headlines Beijing Design Week 2017,http://www.china.embassy.gov.au//bjng/20170919mr.html
htm_2_10,(11 September 2017) ,Ambassador's speech at Beijing Foreign Studies University Academic Year Opening Ceremony ,http://www.china.embassy.gov.au//bjng/20170919speech.html
htm_2_11,(14 July 2017),STATEMENT ON THE DEATH OF LIU XIAOBO ,http://www.china.embassy.gov.au//bjng/20170714news.html
htm_2_12,(24 March 2017) ,"Australian authors to tour China, the world’s second largest book market",http://www.china.embassy.gov.au//bjng/aww170324.html
htm_2_13,(13 December 2018) ,Celebrating the 40th anniversary of the Australia-China Council,http://www.china.embassy.gov.au//bjng/20181213wzy.html
htm_2_14,(4 November 2018),Simon Birmingham: Australia's economy showcased at major Chinese expo CIIE,http://www.china.embassy.gov.au//bjng/181105en.html
htm_2_15,(8 October 2018) ,China to experience the diversity and dynamism of Australian performance ,http://www.china.embassy.gov.au//bjng/20181008mr.html
htm_2_16,(4 October 2018) ,Prime Minister of Australia The Hon Scott Morrison MP speech at Chinese-Australian Community Event,http://www.china.embassy.gov.au//bjng/181005pmspeech.html
htm_2_17,(20 September 2018) ,Australian Ambassador Jan Adams' Speech to the Opening Ceremony of the 18th CISA Steel and Raw Materials Conference ,http://www.china.embassy.gov.au//bjng/180920homspeech.html
htm_2_18,(7 August 2018),Prime Minister of Australia The Hon Malcolm Turnbull MP speech at the University of New South Wales,http://www.china.embassy.gov.au//bjng/180807pmspeech.html
htm_2_19,(6 July 2018) ,Australian Ambassador Jan Adams' Speech to the APEC China CEO Forum 2018,http://www.china.embassy.gov.au//bjng/180706homspeech.html
htm_2_20,(14 June 2018) ,"Media release: Australia-China Cultural diplomacy milestone, Old Masters: Australia’s Great Bark Artists tours China",http://www.china.embassy.gov.au//bjng/oldmasters.html
htm_2_21,(2 March 2018) ,Celebrated authors announced for 2018 Australian Writers Week in China,http://www.china.embassy.gov.au//bjng/aww180302.html
htm_2_22,(6 November 2019) ,Global trade trends amid trade conflicts -- ,http://www.china.embassy.gov.au//bjng/20191106 Caixin speechDep Sec Langman.html
htm_2_23,(25 September 2019), Australian Ambassador to China Graham Fletcher's speech to the Opening Ceremony of the 19th CISA Steel and Raw Materials Conference,http://www.china.embassy.gov.au//bjng/20190926CISAHOMSpeechSept2019.html
htm_2_24,(3 September 2019), Australian Ambassador to China Graham Fletcher’s opening remarks at the gala dinner in celebration of the 70th anniversary of the UNSW,http://www.china.embassy.gov.au//bjng/20190940OpeningRemarksUNSW70.html
htm_2_25,(2 August 2019) ,"Minister for Trade, Tourism and Investment Simon Birmingham's speech at the AustCham breakfast",http://www.china.embassy.gov.au//bjng/20190802AustChamSpeech.html
htm_2_26,(2 June 2019) ,Australia's Experience in Applying Circular Economy,http://www.china.embassy.gov.au//bjng/speech190602.html
htm_2_27,(20 May 2019) ,Celebrate a Festival of Australia,http://www.china.embassy.gov.au//bjng/FA20190520.html
htm_2_28,(25 April 2019),Secretary Frances Adamson Remarks at Australia-China Reception,http://www.china.embassy.gov.au//bjng/Speech190425.html
htm_2_29,(06 March 2019) ,Authors announced for 2019 Australian Writers Week,http://www.china.embassy.gov.au//bjng/aww190306.html
htm_2_30,(31 January 2019) ,Chinese New Year message from the Australian Ambassador to China,http://www.china.embassy.gov.au//bjng/20190131.html
htm_2_31,(30 November 2020), Virtual Press Conference -- ,http://www.china.embassy.gov.au//bjng/virtualpressconference2.html
htm_2_32,(16 November 2020) ,A Post COVID-19 Outlook: The Refreshing Global Economic  Landscape Caixin Summit Panel Remarks -- ,http://www.china.embassy.gov.au//bjng/CaixinSummitPanelRemarksChristopherLangman.html
htm_2_33, (11 November 2020 ) ,Online festival brings together Australia’s most acclaimed authors and contemporary Chinese writers -- ,http://www.china.embassy.gov.au//bjng/AustraliaWritesonlineliteraturefestival.html
htm_2_34,11 November 2020 ) ,Australia–China architectural ingenuity in focus for world-first digital exhibition -- ,http://www.china.embassy.gov.au//bjng/Australia-Chinaarchitecturalingenuityinfocusforworld-firstdigitalexhibition.html
htm_2_35,(31 July 2020), Foreign investment Reforms – Consultation on Exposure Draft Legislation,http://www.china.embassy.gov.au//bjng/ForeigninvestmentReformsConsultationonExposureDraftLegislation.html
htm_2_36,(8 June 2020 ) ,Statement from Federal Tourism Minister Simon Birmingham,http://www.china.embassy.gov.au//bjngchinese/StatementfromFederalTourismMinisterSimonBirminghamEN.html
htm_2_37,(23 April 2020) ,A message from Ambassador Graham Fletcher on commemorating Anzac Day 2020.,http://www.china.embassy.gov.au//bjng/2020ANZACDayMessagefromGrahamFletcher.html
htm_2_38,(26 March 2020) ,Australian Ambassador to China Graham Fletcher gives an update about the current situation of the COVID-19 affecting Australians in China.,http://www.china.embassy.gov.au//bjng/2020MessagefromGrahamFletcher.html
htm_2_39,(04 July 2021) ,Revitalising international cooperation on nuclear non-proliferation,http://www.china.embassy.gov.au//bjng/SpeechbyGrahamFletcheratWorldPeaceForum.html
htm_2_40,(01 April 2022) ,New Requirement to apply for a Director Identification Number,http://www.china.embassy.gov.au//bjng/newrequirementtoapplyforadirectoridentificationnumber.html
