uid,dates,title,url
htm1,2010/12/27 - ,China tops trade in goods and services,http://www.china.embassy.gov.au/bjng/MR101227.html
htm2,2010/12/22 - ,Government takes next steps in international education reforms,http://www.china.embassy.gov.au/bjng/22122010alert_en.html
htm3,2010/12/21 - ,International students positive about Australian education,http://www.china.embassy.gov.au/bjng/21122010alert_en.html
htm4,2010/12/20 - ,Review of Student Visa Program - Joint Media Release,http://www.china.embassy.gov.au/bjng/20122010alert_en.html
htm5,2010/12/17 - ,AUSTRALIA-CHINA JOINT STUDY FOR COMMERCIAL SCALE CCS PROJECT,http://www.china.embassy.gov.au/bjng/mrccs.html
htm6,2010/12/03 - ,Winners of the 2010 Asia Pacific Screen Awards Announced ,http://www.china.embassy.gov.au/bjng/03122010alert_en.html
htm7,2010/12/02 - ,Australia-China Film Industry Forum to Boost Australian Film Cooperation Prospects in China,http://www.china.embassy.gov.au/bjng/mr101202.html
htm8,2010/11/30 - ,Perth and Chengdu form a new friendship,http://www.china.embassy.gov.au/bjng/MR101130.html
htm9,2010/11/25 - ,Australia Network for the future,http://www.china.embassy.gov.au/bjng/mr101125.html
htm10,2010/11/19 - ,Anti-Counterfeiting Agreement to Benefit Creative Industries,http://www.china.embassy.gov.au/bjng/mrtm.html
htm11,2010/11/16 - ,"Australian Film Wins the ""Golden Award"" at BFA’s International Student Film and Video Festival",http://www.china.embassy.gov.au/bjng/16112010release_en.html
htm12,2010/11/16 - ,Scholarships strengthen education ties between China and Australia,http://www.china.embassy.gov.au//bjng/mredu11.html
htm13,•2011/12 ,Australian Minister visits China to reaffirm bilateral successes in combating transnational crime,http://www.china.embassy.gov.au/bjng/MR20111221.html
htm14,•2011/12 ,Visit to China by Senator the Hon. Joe Ludwig,http://www.china.embassy.gov.au/bjng/16-12-2011LudwigChinaVisitENG16-12-2011LudwigChinaVisitENG.html
htm15,•2011/12 ,Agricultural Exports Bounce Back in 2010 - 11,http://www.china.embassy.gov.au/bjng/MR20111215.html
htm16,•2011/12 - ,Zoo hopes panda play will prove productive (ABC news),http://www.china.embassy.gov.au/bjng/20111220PandasENG.html
htm17,•2011/12 -,China vows to enhance law enforcement cooperation with Australia (Xinhua article),http://www.china.embassy.gov.au/bjng/2011-12-13ChinaAustralialawenforcement-eng.html
htm18,•2011/12 -,\'Fashionable\' Australian \'Weibo\' Microblogs in China receive Sina.com International Exchange Award!,http://www.china.embassy.gov.au/bjng/20111213Sinaaward-eng.html
htm19,•2011/12 - ,Book Launched to Celebrate 30 Years of Australia-China Development Cooperation,http://www.china.embassy.gov.au/bjng/mr1112022.html
htm20,•2011/12 - ,Australia’s trade with Africa rebounds,http://www.china.embassy.gov.au/bjng/20111201OZtradetoafrica-eng.html
htm21,•2011/12 -,Australia Celebrates the International Day of People with Disability,http://www.china.embassy.gov.au/bjng/mr111202.html
htm22,"•2011/11-""","Navigating the Turmoil"", A Dialogue with Dr Martin Parkinson PSM, Secretary to the Australian Treasury, Peking University",http://www.treasury.gov.au/documents/2239/HTML/docshell.asp?URL=2239_speech.html
htm23,•2011/11-,This month in history - November 1973 First Royal Australian Air Force transport lands in Beijing,http://www.china.embassy.gov.au/bjng/03112011news_en.html
htm24,•2011/10-,New agreement on sustainable grazing on grasslands advances Australia-China agricultural collaboration,http://www.china.embassy.gov.au/bjng/24102011news_en.html
htm25,•2011/10-,Department of Climate Change and Energy Efficiency Deputy Secretary Subho Banerjee speaks at a Conference on International Climate Change Science - Xinhua report,http://news.xinhuanet.com/world/2011-10/18/c_111105500.htm
htm26,•2011/10-,What\'s life like as a Nobel Prize Winner?,http://www.china.embassy.gov.au/bjng/14102011news.html
htm27,•2011/10-,Ambassador meets Shandong Provincial Party Secretary (photo),http://www.china.embassy.gov.au/bjng/13102011photo_en.html
htm28,•2011/09-,Australia Announces New Chief Veterinary Officer,http://www.china.embassy.gov.au/bjng/29092011news_en.html
htm29,•2011/09-,Australian Federal Police Deputy Commissioner Builds Close Connections in China,http://www.china.embassy.gov.au/bjng/26092011news_en.html
htm30,•2011/09-,This Day in History - First Chinese-Australian airman joins Royal Australian Air Force,http://www.china.embassy.gov.au/bjng/News110916.html
htm31,•2011/09-,Ambassador Adamson heads Australian delegation to First APEC Meeting for Ministers Responsible for Forestry,http://www.china.embassy.gov.au/bjng/09092011news.html
htm32,•2011/08-,Vice Foreign Minister Zhang Zhijun Meets with New Australian Ambassador to China Frances Adamson,http://brisbane.chineseconsulate.org/eng/zgxw/t850933.htm
htm33,•2011/08-,Australia\'s new Ambassador presented her credentials to President Hu Jintao,http://www.china.embassy.gov.au/bjng/30082011photo_en.html
htm34,•2011/05-,Australian Minister for Foreign Affairs Visit to Guangzhou,http://www.china.embassy.gov.au/bjng/25052011photo.html
htm35,•2011/04-,Australian Minister for Trade Visit to China,http://www.china.embassy.gov.au/bjng/19042011photo.html
htm36,2011/11/15-,The Australian Trade Commission Extends its Reach in China,http://www.china.embassy.gov.au/bjng/20111115AustradeShenyangopening-eng.html
htm37,2011/11/05-,"Australia Week and the Australian History Forum, Shandong University at Weihai - Speech by Mr Graeme Meehan, Deputy Ambassador, Australian Embassy Beijing, 5 November 2011",http://www.china.embassy.gov.au/bjng/dhomspeech.html
htm38,2011/11/01-,"Deputy Prime Minister Swan welcomes launch of new securities exchange, Chi-X Australia",http://www.china.embassy.gov.au/bjng/01112011release_en.html
htm39,2011/10/21-,Chinese Wine Buyers Prefer Australia’s Best,http://www.china.embassy.gov.au/bjng/21102011release_en.html
htm40,2011/10/12-,Nominees announced in the 5th Annual Asia Pacific Screen Awards,http://www.china.embassy.gov.au/bjng/12102011release_en.html
htm41,2011/09/30-,New Broadband Lab to help businesses get ahead,http://www.china.embassy.gov.au/bjng/07102001release_en.html
htm42,2011/09/30-,First WA visit for Chinese basketball star,http://www.china.embassy.gov.au/bjng/06102011release1_en.html
htm43,2011/09/30-,Reserve Bank to enhance Australia\'s representation in Beijing,http://www.china.embassy.gov.au/bjng/30092011release_en.html
htm44,2011/09/28-,Successful CCS Project Keeps Australia at Forefront of Global Research,http://www.china.embassy.gov.au/bjng/28092011release_en.html
htm45,2011/09/26-,Australia Establishes Diplomatic Ties with the World\'s Newest Nation,http://www.china.embassy.gov.au/bjng/26092011release_en.html
htm46,2011/09/23-,Ambassador Adamson welcomes enhancements to Australia’s Student Visa Program,http://www.china.embassy.gov.au/bjng/23092011release_en.html
htm47,2011/09/22-,Boost To International Education Sector In Response To Knight Review,http://www.china.embassy.gov.au/bjng/23092011release_en.html
htm48,2011/09/22-,Partners in Science: Australia and New Zealand submit SKA proposal,http://www.china.embassy.gov.au/bjng/22092011release2_en.html
htm49,2011/09/22-,The Hon. Warwick Smith AM appointed Chair of the Australia-China Council‪,http://www.china.embassy.gov.au/bjng/22092011release_en.html
htm50,2011/09/16-,Two Companies Lose Right to Host China Travel Groups,http://www.china.embassy.gov.au/bjng/MR-ADS-eng.html
htm51,2011/09/15-,Australian New R&D Tax Incentive approved and in operation,http://www.china.embassy.gov.au/bjng/mr110915.html
htm52,2011/09/07-,Australia and New Zealand work together to improve Pacific education,http://www.china.embassy.gov.au/bjng/07092011alert_en.html
htm53,2011/08/26-“,33 POSTCARDS” China Release,http://www.china.embassy.gov.au/bjng/26082011alert_en.html
htm54,2011/08/22-,Australian Government signs agreement with the AFL to promote Australia overseas,http://www.china.embassy.gov.au/bjng/22082011release_en.html
htm55,2011/08/05 - ,Selling Australian expertise in China,http://www.china.embassy.gov.au/bjng/MR110808.html
htm56,2011/08/05 - ,AUSTRALIA’S FINANCE AND INSURANCE FOREIGN AFFILIATE TRADE,http://www.china.embassy.gov.au/bjng/MR110805.html
htm57,2011/08/03 - ,Minister leads Australia-China 2.0 Trade Mission,http://www.trademinister.gov.au/releases/2011/ce_mr_110802.html
htm58,2011/06/24 - ,Australia-China 2.0 Trade Mission,http://www.foreignminister.gov.au/releases/2011/kr_mr_110624.html
htm59,2011/05/31 - ,Australian Foreign Minister to Open the Largest Business Technology Event in the Asia Pacific,http://www.china.embassy.gov.au/bjng/31052011alert_en.html
htm60,2011/05/30 - ,Chinese Tourism Officials Support Cairns Summit,http://www.china.embassy.gov.au/bjng/30052011alert_en.html
htm61,2011/05/25 - ,Australian Trade Minister urges APEC members to embrace domestic economic reform,http://www.china.embassy.gov.au/bjng/25052011alert2_en.html
htm62,2011/05/25 - ,"Australia\'s Trade Minister visiting China, US, France",http://www.china.embassy.gov.au/bjng/25052011alert1_en.html
htm63,2011/05/20 - ,NEW AGE: NEW MEDIA. Australia-China connections,http://www.china.embassy.gov.au/bjng/mr110520.html
htm64,2011/05/16 - ,"Foreign Minister visit to Thailand, Finland, Scandinavia and China ",http://www.china.embassy.gov.au/bjng/mr110516.html
htm65,2011/05/09 - ,Direct flights between Perth and China a step closer,http://www.china.embassy.gov.au/bjng/0905alert_en.html
htm66,2011/05/06 - ,Australia-China “YouYi Games” Basketball Series to ‘Slamdunk’ into Perth,http://www.china.embassy.gov.au/bjng/YOuyigames.html
htm67,2011/04/28 - ,Prime Minister Julia Gillard re-affirmed the strength of Australia’s education relationship with China,http://www.china.embassy.gov.au/bjng/mr110428.html
htm68,2011/04/13 - ,"Prime Minister to visit Japan, the Republic of Korea and China",http://www.china.embassy.gov.au/bjng/mrpm.html
htm69,2011/04/12 - ,Trade Minister visits China,http://www.china.embassy.gov.au/bjng/MR110412.html
htm70,2011/03/16 - ,China becomes Australia\'s largest services export market,http://www.china.embassy.gov.au/bjng/MR110316.html
htm71,2011/02/25 - ,New strategy to support multiculturalism in Australia,http://www.china.embassy.gov.au/bjng/MR110223.html
htm72,2011/02/21 - ,2011 Australian Writers’ Week Press Release and Event Schedule,http://www.china.embassy.gov.au/bjng/mraww.html
htm73,(21 December 2012) ,CHINA’S RISE DOMINATES YEARLY TRADE ROUND-UP ,http://www.china.embassy.gov.au/bjng/121221dfatmediarelease.html
htm74,(21 December 2012) ,40th anniversary of the establishment of diplomatic relations between Australia and the People\'s Republic of China ,http://jbh.ministers.treasury.gov.au/wmsDisplayDocs.aspx?doc=pressreleases/2012/135.htm&PageID=003&min=wms&Year=&DocType=0
htm75,(20 December 2012) ,MEDIA RELEASE - Joint Australia-China study paves way for closer rural cooperation ,http://www.trademinister.gov.au/releases/2012/ce_mr_121220.html
htm76,(12 December 2012) ,China-Australia Tourism Relationship Celebrated ,http://www.china.embassy.gov.au/bjng/121212tourism.html
htm77,(26 November 2012) ,CRAIG EMERSON AND CHRIS EVANS JOINT MEDIA RELEASE - MINISTERS WELCOME ACADEMIC CHAIR IN CHINA ,http://www.china.embassy.gov.au/bjng/121126mediarelease.html
htm78,(19 November 2012) ,Her Excellency Ms Frances Adamson Australian Ambassador to the People’s Republic of China - Speech at the International Symposium on Child Poverty and Development ,http://www.china.embassy.gov.au/bjng/121119HOMspeech.html
htm79,(12 November 2012) ,Her Excellency Ms Frances Adamson Australian Ambassador to the People’s Republic of China Speech at ACBC/CEDA Luncheon South Australia and China at 40 in Adelaide ,http://www.china.embassy.gov.au/bjng/121112HOMspeech.html
htm80,(9 November 2012) ,Her Excellency Ms Frances Adamson Australian Ambassador to the People’s Republic of China Speech at the ACBC/Asialink luncheon Victoria and China at 40 in Melbourne ,http://www.china.embassy.gov.au/bjng/121109HOMspeechmelbourne.html
htm81,(8 November 2012) ,Her Excellency Ms Frances Adamson Australian Ambassador to the People’s Republic of China Speech at Griffith University’s ‘Perspectives Asia’ Event Queensland and China at 40 in Brisbane,http://www.china.embassy.gov.au/bjng/121108HOMspeechbrisbane.html
htm82,(6 November 2012) ,"Ms Frances Adamson, Australian Ambassador to China- Speech to the University of Sydney: New South Wales and China in the 40th Year of the Australia-China Relationship ",http://www.china.embassy.gov.au/bjng/121107HOMspeech.html
htm83,(4 November 2012) ,"Speech by Australian Ambassador Frances Adamson at the Opening Ceremony of China Mining, Tianjin ",http://www.china.embassy.gov.au/bjng/121108HOMspeech.html
htm84,(31 October 2012) ,"""An Introduction to the “Australia in the Asian Century” White Paper - speech by Ambassador Frances Adamson to the Foreign Correspondents\' Club of China"" ",http://www.china.embassy.gov.au/bjng/121031whitepaperHOMspeech.html
htm85,(29 October 2012) ,"Frontiers of Knowledge Symposium: Australia-China and Beyond to 2020, University of Sydney ",http://www.china.embassy.gov.au/bjng/121106HOMspeech.html
htm86,(28 October 2012) ,Launch of White Paper to consider Australia\'s place in the Asian Century,http://www.china.embassy.gov.au/bjng/121029whitepaper.html
htm87,(25 October 2012) ,Australian Defence Force Cooperates with China and New Zealand on Humanitarian Assistance and Disaster Relief ,http://www.china.embassy.gov.au/bjng/121025mindefrelease.html
htm88,(22 October 2012) ,At 40 there are no doubts- Her Excellency Ms Frances Adamson Australian Ambassador to the People’s Republic of China\'s Speech to the 2012 Australia-China Youth Dialogue ,http://www.china.embassy.gov.au/bjng/121022HOMspeech.html
htm89,(19 October 2012) ,Australia secures a seat on the United Nations Security Council,http://www.foreignminister.gov.au/releases/2012/bc_mr_121019.html
htm90,(27 Sept 2012) ,"“Australia and China at 40: Partners in Growth” - HE Ms Frances Adamson Australian Ambassador to the People’s Republic of China, Speech to the 12th China International Steel & Raw Materials Conference ",http://www.china.embassy.gov.au/bjng/20120927HOMspeech-eng.html
htm91,(27 Sept 2012) ,New visa \'label-free\' travel arrangements for Chinese nationals travelling to Australia,http://www.china.embassy.gov.au/bjng/MR120928.html
htm92,(24 Sept 2012) ,"“Australia-China Relations at 40 – Building a Pathway for the Future” - HE Ms Frances Adamson Australian Ambassador to the People’s Republic of China, Speech to 2012 Annual Leader’s Lecture ",http://www.china.embassy.gov.au/bjng/20120924HOMspeech-eng.html
htm93,(14 Sept 2012) ,"Speech by Senator Bob Carr, Foreign Minister of Australia, to the ""Australia in the China Century Conference"" ",http://www.foreignminister.gov.au/speeches/2012/bc_sp_120914.html
htm94,(14 Sept 2012) ,"Asia Ready People, Asia-Ready Policies"" - Speech by The Hon Wayne Swan MP, Deputy Prime Minister and Treasurer of Australia to the ""Australia in the China Century Conference"" ",http://jbh.ministers.treasury.gov.au/wmsDisplayDocs.aspx?doc=speeches/2012/026.htm&pageID=003&min=wms&Year=&DocType=1
htm95,(06 Sept 2012) ,Her Excellency Ms Frances Adamson Australian Ambassador to the People’s Republic of China Speech at the Opening Ceremony of the 2012-2013 Academic Year at Beijing Foreign Studies University ,http://www.china.embassy.gov.au/bjng/120906homspeechbfsu.html
htm96,(03 Sept 2012) ,Changes to Australian visa service delivery in China ,http://www.china.embassy.gov.au/bjng/20120903DIAC-eng.html
htm97,(23 Aug 2012) ,Australian Nobel Laureates To Visit China and Further Expand Australia-China Science Ties ,http://www.china.embassy.gov.au/bjng/120823nobellaureates.html
htm98,(22 Aug 2012) ,China Southern Lands in North Queensland ,http://www.china.embassy.gov.au/bjng/120822chinasouthern.html
htm99,(20 Aug 2012) ,"HE Frances Adamson, Australia’s Ambassador to the People’s Republic of China- Welcome Speech at Gala Dinner of Australian Week in Shenyang ",http://www.china.embassy.gov.au/bjng/120820homgalaspeech.html
htm100,(16 Aug 2012),"Speech by Ms Frances Adamson, Australian Ambassador to China, on the occasion of ""Australia Education Day"" at Liaoning University, Shenyang ",http://www.china.embassy.gov.au/bjng/120816ambassadorspeech.html
htm101,(16 Aug 2012) ,CSIRO and China work towards global border security ,http://www.china.embassy.gov.au/bjng/120816csiro.html
htm102,(16 Aug 2012) ,Chinese Students demonstrating power of partnership,http://www.china.embassy.gov.au/bjng/120816students.html
htm103,(14 Aug 2012) ,"HE Frances Adamson, Australian Ambassador to the People’s Republic of China, Speech at Dinner to Celebrate CSIRO’s Long Term Science and Research Partnerships in China",http://www.china.embassy.gov.au/bjng/20120904HOMspeech-eng.html
htm104, (09 Aug 2012) ,CSIRO Mission supports China-Australia collaboration ,http://www.china.embassy.gov.au/bjng/120809csiro.html
htm105,(13 July 2012) ,Remarks by the Deputy Prime Minister and Treasurer The HON Wayne Swan MP - 40 Years of Friendship ,http://www.china.embassy.gov.au/bjng/123.html
htm106,(09 July 2012) ,Treasurer to lead business delegation to China,http://jbh.ministers.treasury.gov.au/DisplayDocs.aspx?doc=pressreleases/2012/045.htm&pageID=003&min=wms&Year=&DocType=0
htm107,(06 July 2012) ,"Ambassador\'s opening remarks to 13th Australian Studies Conference, Xihua University, Chengdu, Sichuan Province ",http://www.china.embassy.gov.au/bjng/20120706HOMspeech.html
htm108,(28 June 2012) ,Ambassador Adamson\'s remarks at the opening of China-Australia Media Conference ,http://www.china.embassy.gov.au/bjng/mediaforum.html
htm109,(15 May 2012) ,"Remarks by Senator the Hon Bob Carr, Minister for Foreign Affairs - Launch of the 40th Anniversary of Australia China Diplomatic Relations ",http://www.china.embassy.gov.au/bjng/20120605Carrremarks-eng.html
htm110,(15 May 2012) ,Ambassador\'s remarks at 40th anniversary launch ,http://www.china.embassy.gov.au/bjng/20120605HOMremarks-eng.html
htm111,(10 May 2012) ,Australian Foreign Minister Carr to visit China and Japan,http://www.foreignminister.gov.au/releases/2012/bc_mr_120510.html
htm112,(28 March 2012) ,New label-free visa arrangements for Student visa holders travelling from China to Australia,http://www.china.embassy.gov.au/bjng/28marchvisapolicy.html
htm113,(22 March 2012) ,Reserve Bank of Australia and People\'s Bank of China sign local currency swap agreement ,http://www.rba.gov.au/media-releases/2012/mr-12-08.html
htm114,(27 February 2012) ,"Ambassador\'s remarks at the launch of CIW/CICIR Joint Report - ""Australia and China Today"" ",http://www.china.embassy.gov.au/bjng/20120228finalAmbassadorspeech.html
htm115,(06 February 2012) ,"Australia-China: Three Challenges and Opportunities——Australian Ambassador to China, Ms Frances Adamson\'s Speech to the Australia China Business Council",http://www.china.embassy.gov.au/bjng/20120207HOM.html
htm116,(18 January 2012) ,Minister for Foreign Affairs media release: Australia Joins the Fight Against Space Junk,http://www.china.embassy.gov.au/bjng/20120118spacejunk.html
htm117,(13 December 2013) ,NEW SMARTRAVELLER BUSINESS TRAVEL ADVICE,http://www.china.embassy.gov.au/bjng/131213smarttravellerMR.html
htm118,(13 December 2013) ,2013 APSA WINNERS ANNOUNCED ,http://www.china.embassy.gov.au/bjng/131213screenawards.html
htm119,(4 December 2013) ,"Australian Foreign Minister to visit Indonesia, China and the Philippines this week",http://www.foreignminister.gov.au/releases/2013/jb_mr_131204.html
htm120,(2 December 2013) ,First CITIC export of iron ore from Australia a major investment milestone,http://www.trademinister.gov.au/releases/2013/ar_mr_131202.html
htm121,(29 November 2013) ,Australia-China Forum forges closer ties,http://foreignminister.gov.au/releases/2013/jb_mr_131129.html
htm122,(26 November 2013) ,AUSTRALIAN FOREIGN MINISTER’S MEDIA RELEASE: China\'s announcement of an air-defence identification zone over the East China Sea,http://www.foreignminister.gov.au/releases/2013/jb_mr_131126a.html
htm123,(15 November 2013) ,MEDIA RELEASE:Chinese Students to Benefit from Extension to Streamlined Visa Processing Arrangements for Student Visa Applications to Australia,http://www.china.embassy.gov.au/bjng/131115MRstudentvisa.html
htm124,"
(14 November 2013) ",FTAs major focus of Robb\'s North Asia visit,http://www.trademinister.gov.au/releases/2013/ar_mr_131114.html
htm125,(22 October 2013) ,Australian Trade and Investment Minister to visit China from 23-25 October 2013,http://www.trademinister.gov.au/releases/2013/ar_mr_131022a.html
htm126,(30 September 2013) ,Australian Ambassador Ms Frances Adamson welcomes arrival of delicious Australian navel oranges to China,http://www.china.embassy.gov.au/bjng/130930homnaveloranges.html
htm127,(25 September 2013) ,"Australian Ambassador’s speech to 2013 China Iron and Steel Association conference – An enduring partnership in a period of change – Qingdao, 25 September 2013",http://www.china.embassy.gov.au/bjng/131004ambassadorspeechatQD.html
htm128,(29 August 2013) ,Australian Ambassador attends premiere of “The Great Gatsby” in Beijing,http://www.china.embassy.gov.au/bjng/130829greatgatsby.html
htm129,(26 August 2013) ,Australian Ambassador Frances Adamson visits Tibet ,http://www.china.embassy.gov.au/bjng/130826HOMtibetvisit.html
htm130,(19 August 2013) ,MEDIA RELEASE - INTRODUCTION OF AUSTRALIAN VISA APPLICATION CENTRE GUANGZHOU,http://www.china.embassy.gov.au/bjng/130819avacgzmediarelease.html
htm131,(9 August 2013) ,Submissions open for 7th Asia Pacific Screen Awards,http://www.china.embassy.gov.au/bjng/130809MRASPA.html
htm132,(1 August 2013) ,EIGHT INAUGURAL AUSTRALIAN ARTS IN ASIA AWARDS GO TO CHINA,http://www.china.embassy.gov.au/bjng/130802artsawards.html
htm133,(31 July 2013) ,Minister for Foreign Affairs Senator the Hon. Bob Carr Opens Australian Consulate in Chengdu,http://www.china.embassy.gov.au/bjng/130731mediarelease.html
htm134,(25 July 2013) ,"Australian Foreign Minister, Senator Bob Carr, visits China",http://www.foreignminister.gov.au/releases/2013/bc_mr_130725.html
htm135,(25 July 2013) ,Australian Trade Minister Marles in Beijing for Trade Talks,http://www.trademinister.gov.au/releases/2013/rm_mr_130724.html
htm136,(05 July 2013) ,Media Release - NAIDOC Week 2013,http://www.china.embassy.gov.au/bjng/130705naidoc.html
htm137,(25 June 2013) ,"Her Excellency Ms Frances Adamson Australian Ambassador to the People’s Republic of China - Luncheon Speech at CEDA/ACBC Event, China’s Economic Rebalancing, Perth",http://www.china.embassy.gov.au/bjng/130625HOMspeech.html
htm138,(16 June 2013) ,"Her Excellency Ms Frances Adamson Australian Ambassador to the People’s Republic of China, Speech at AustCham Shanghai on The Australia - China Bilateral Relationship",http://www.china.embassy.gov.au/bjng/130616HOMspeech.html
htm139,(30 May 2013) ,Australian Foreign Minister Senator Carr announces first Australian Consul-General to Chengdu,http://foreignminister.gov.au/releases/2013/bc_mr_130530.html
htm140,(03 May 2013) ,Australian Ambassador to China welcomes release of Australia’s 2013 Defence White Paper,http://www.china.embassy.gov.au/bjng/130503mediarelease.html
htm141,(24 April 2013) ,"The Journey of Financial Reform - Philip Lowe, Deputy Governor of Reserve Bank of Australia\'s Address to the Australian Chamber of Commerce in Shanghai",http://www.rba.gov.au/speeches/2013/sp-dg-240413.html
htm142,(22 April 2013) ,Joint Media Release - Sichuan Earthquake,http://foreignminister.gov.au/releases/2013/bc_mr_130422b.html
htm143,(12 April 2013) ,"RMB DIALOGUE OPENING ADDRESS, SYDNEY - THE HON WAYNE SWAN MP
DEPUTY PRIME MINISTER AND TREASURER",http://www.china.embassy.gov.au/bjng/130412rmbdialogue.html
htm144,(12 April 2013) ,"ADDRESS TO AUSTRALIA-HONG KONG RMB TRADE AND INVESTMENT DIALOGUE, Sydney
Dr Martin Parkinson PSM, Secretary to the Treasury ",http://www.china.embassy.gov.au/bjng/130412address.html
htm145,(07 March 2013) ,Senator Carr - International Women’s Day video message: International Women’s Day 2013 – Ending Violence Against Women,http://www.china.embassy.gov.au/bjng/130307CarrIWDmessage.html
htm146,(01 March 2013) ,"Remarks by Australian Ambassador to China, Frances Adamson, at the opening of Global Carbon Capture and Storage Institute’s Beijing Representative Office",http://www.china.embassy.gov.au/bjng/130301HOMremarks.html
htm147,(28 February 2013) ,APPLICATIONS OPEN FOR THE 2014 AUSTRALIAN AWARDS SCHOLARSHIPS,http://www.china.embassy.gov.au/bjng/130228scholarship.html
htm148,(20 February 2013) ,Media release - 2013 Australian Writers’ Week in China,http://www.china.embassy.gov.au/bjng/130220mediarelease.html
htm149,(30 January 2013) ,Media release - Ambassador Adamson welcomes survey showing growing Australian business interest in China ,http://www.china.embassy.gov.au/bjng/130130mediarelease.html
htm150,(25 January 2013) ,Media release - Australian cherries arrive in China ,http://www.china.embassy.gov.au/bjng/130125mediarelease.html
htm151,(23 January 2013) ,Media release - Australian Ambassador welcomes release of Australia\'s National Security Strategy,http://www.china.embassy.gov.au/bjng/130123mediarelease.html
htm152,(16 January 2013) ,Australian Ambassador Adamson\'s speech to Renmin University\'s Australian Studies Centre - Australia-China Bilateral Relations,http://www.china.embassy.gov.au/bjng/130116HOMspeech.html
htm153,(11 December 2014) ,"Her Excellency Ms Frances Adamson Australian Ambassador to the People’s Republic of China - Speech at the BHP Billiton One Billion Tonne Event, The Langham, Shanghai - “BHP Billiton: Leadership and partnership in the Asia Pacific in 2014”, Thursday 11 December 2014",http://www.china.embassy.gov.au/bjng/141211HOMspeech.html
htm154,"
(17 November 2014) ",Ambassdor Frances Adamson\'s Statement at the Announcement of Conclusion of Australia-China FTA negotiations,http://www.china.embassy.gov.au/bjng/HOMstatement.html
htm155,(24 October 2014) ,"Her Excellency Ms Frances Adamson, Australian Ambassador to the People’s Republic of China - Address to Exploration Exchange, Beijing International Convention Centre, Friday, 24 October, 2014",http://www.china.embassy.gov.au/bjng/141024HOMspeech.html
htm156,(24 September 2014) ,"Her Excellency Ms Frances Adamson Australian Ambassador to the People’s Republic of China - Speech to the 14th China International Steel & Raw Materials Conference, Dalian - “China and Australia: Leadership and partnership in the Asia Pacific in 2014”",http://www.china.embassy.gov.au/bjng/140924HOMspeech.html
htm157,(11 September 2014) ,"Her Excellency Ms Frances Adamson Australian Ambassador to the People’s Republic of China - Speech at the Opening of The Big Picture: Lives, Landscapes, Homelands in Australian and Chinese Art, The 2nd FASIC Australian Studies in China Conference at Renmin University of China, Beijing, China, Thursday 11 September 2014",http://www.china.embassy.gov.au/bjng/140911HOMspeech.html
htm158,"
(03 September 2014) ",Australian Ambassador Frances Adamson visits Xinjiang – August/September 2013,http://www.china.embassy.gov.au/bjng/140903HOMxinjiang.html
htm159,(29 August 2014) ,"Her Excellency Ms Frances Adamson Australian Ambassador to the People’s Republic of China - Remarks at the Signing of a Cooperation Agreement between Australian Trade Commission and Jiangxi China Council for the Promotion of International Trade (CCPIT) Jiangxi Sub Council, Nanchang, Friday, 29 August, 2014",http://www.china.embassy.gov.au/bjng/140829HOMspeech.html
htm160,(25 July 2014) ,Call for Applications – Australian Design Industry Delegation to Beijing Design Week 2014,http://www.china.embassy.gov.au/bjng/140724designweek.html
htm161,"
(08 July 2014) ","Her Excellency Ms Frances Adamson Australian Ambassador to the People’s Republic of China - ‘The Outlook for Australia’s Trade and Investment Relationship with China’, Speech to ACBC Business Breakfast, SA",http://www.china.embassy.gov.au/bjng/140708homspeech.html
htm162,(08 July 2014) ,NAIDOC Week 2014,http://www.china.embassy.gov.au/bjng/140708NAIDOC.html
htm163,(03 July 2014) ,"Her Excellency Ms Frances Adamson Australian Ambassador to the People’s Republic of China - ‘Australia-China Relations and China’s Economic Reform’, Asialink Business Luncheon, Melbourne",http://www.china.embassy.gov.au/bjng/140703HOMspeech.html
htm164,(01 July 2014) ,"Her Excellency Ms Frances Adamson Australian Ambassador to the People’s Republic of China - ‘Seeing the bigger picture: Australia’s economic relationship with China’, Asia Institute Public Address, Centenary Lecture Theatre, University of Tasmania",http://www.china.embassy.gov.au/bjng/140701HOMspeech.html
htm165,(30 June 2014) ,"Her Excellency Ms Frances Adamson Australian Ambassador to the People’s Republic of China - ‘Australia-China Relations and China’s Economic Reform’. Australia-China Business Council, Annual China Oration, Brisbane",http://www.china.embassy.gov.au/bjng/140630HOMspeech.html
htm166,(25 June 2014) ,"Her Excellency Ms Frances Adamson Australian Ambassador to the People’s Republic of China - ‘Current state of Chinese economic reform’, Speech to ACBC and Chinese Chamber of Commerce WA, Parmelia Hilton, Perth",http://www.china.embassy.gov.au/bjng/140625HOMspeech.html
htm167,(19 June 2014) ,Sydney Symphony Orchestra China Tour 2014,http://www.china.embassy.gov.au/bjng/140619SSOtour.html
htm168,"
(12 June 2014) Media Release - ",Australian Screen Industry Shines with Record Presence at the 17th Shanghai International Film Festival ,http://www.china.embassy.gov.au/bjng/140613MRACFIF.html
htm169,(22 May 2014) ,Statement on the Urumqi attack by the Australian Ambassador to China,http://www.china.embassy.gov.au/bjng/140522urumqistatement.html
htm170,(25 April 2014) ,"Her Excellency Ms Frances Adamson, Australian Ambassador to the People’s Republic of China, Speech on the occasion of ANZAC Day 2014, Australian Embassy, Beijing",http://www.china.embassy.gov.au/bjng/140425anzacdayspeech.html
htm171,(28 March 2014) ,AUSTRALIA WELCOMES CHINA TO THE AFC ASIAN CUP IN 2015,http://www.china.embassy.gov.au/bjng/140328asiancupmr.html
htm172,"
(21 March 2014) #livethelifeAus# If you have the skills, Australia has the lifestyle. www.immi.gov.au/Work ",http://v.youku.com/v_show/id_XNjg4MDkzODA0.html,http://v.youku.com/v_show/id_XNjg4MDkzODA0.html
htm173,(10 March 2014) ,Australian Ambassador welcomes Chief Executive of Australia’s national science agency CSIRO to China ,http://www.china.embassy.gov.au/bjng/140310MRCSIRO.html
htm174,(3 March 2014) ,"Australian Prime Minister Tony Abbott’s visit to Japan, Republic of Korea and China ",http://www.china.embassy.gov.au/bjng/140303MRPMvisit.html
htm175,(3 March 2014) ,Statement regarding the Kunming attack from the Australian Ambassador to China,http://www.china.embassy.gov.au/bjng/140303statementkunming.html
htm176,(27 February 2014) ,"MEDIA RELEASE- AUSTRALIAN EMBASSY, BEIJING- 2014 Australian Writers’ Week in China",http://www.china.embassy.gov.au/bjng/140227AWWMR.html
htm177,(20 February 2014) ,15th Australia-China Human Rights Dialogue,http://www.china.embassy.gov.au/bjng/140220MRhrd.html
htm178,"
(7 February 2014) ",Chinese business visitors set to benefit from multiple entry visas,http://trademinister.gov.au/releases/2014/ar_mr_140207.html
htm179,(1 December 2015) ,Stronger foreign investment regime comes into force,https://china.embassy.gov.au/bjng/FOREIGNINVESTMENT.html
htm180,(17 November 2015)  ,Australia signs new health cooperation agreements with China,http://www.health.gov.au/internet/ministers/publishing.nsf/Content/health-mediarel-yr2015-ley140.htm
htm181,(15 November 2015)   ,Health Minister to visit China and Indonesia,https://www.health.gov.au/internet/ministers/publishing.nsf/Content/health-mediarel-yr2015-ley139.htm
htm182,(23 September 2015) ,"Australia: a leading partner for Asian infrastructure and investment --- Speech by the Australian Ambassador to China
Ms Frances Adamson at the 15th China International Steel & Raw Materials Conference in Qingdao",https://china.embassy.gov.au/bjng/20150923HOMspeech.html
htm183,"
(12 June 2015) ",Professor Xinhua Wu’s visit,https://china.embassy.gov.au/bjng/20150612profwu-eng.html
htm184,"
(02 June 2015) ",What’s next for the Australia-China Relationship --- Speech by the Australian Ambassador to China Ms Frances Adamson to the Asia Society in Sydney,https://china.embassy.gov.au/bjng/20150611HOMspeech-eng.html
htm185,(21 May 2015) ,Delegation of Leading Chinese Filmmakers in Australia for Inaugural Industry Familiarisation Tour,https://china.embassy.gov.au/bjng/150521MR.html
htm186,(16 April 2015) ,Record number of Australian producers head to China,http://www.china.embassy.gov.au/bjng/150416MR.html
htm187,(08 January) ,AUSTRALIA WISHES BEST OF LUCK TO THE CHINESE AND AUSTRALIAN TEAMS IN THE AFC ASIAN CUP 2015,http://www.china.embassy.gov.au/bjng/150108MR.html
htm188,(10 December 2016) ,International Human Rights Day statement by Australia’s Ambassador to China,https://china.embassy.gov.au/bjng/20161210.html
htm189,(17 November 2016),Savour Australia,http://pwedit.titan.satin.lo/bjng/20161117savouraustralia.html
htm190,(26 October 2016),Historic announcement as Australia’s home-grown sport heads to China,http://pwedit.titan.satin.lo/bjng/20161027mediarelease.html
htm191,(27 September 2016),"Her Excellency Ms Jan Adams AO PSM, Australian Ambassador to the People’s Republic of China - Speech to the 16th China International Steel & Raw Materials Conference",http://pwedit.titan.satin.lo/bjng/20160929homspeech.html
htm192,(21 September 2016)," Her Excellency Ms Jan Adams AO PSM, Australian Ambassador to the People’s Republic of China - Speech to China-Australia Resources Investment Forum ",https://china.embassy.gov.au/bjng/20160921HOMspeech.html
htm193,(7 September 2016) ,Innovative Australian design to showcase at Beijing Design Week 2016,https://china.embassy.gov.au/bjng/events.html
htm194,(15 August 2016) ,ACT Legislative Assembly election 2016,https://china.embassy.gov.au/bjng/160815ACTelection.html
htm195,(8 April 2016) ,Australia Week in China 2016 explores new frontiers in education and tourism,https://china.embassy.gov.au/bjng/08042016.html
htm196,(21 March 2016) ,Promoting Australia’s economic links with China,https://china.embassy.gov.au/bjng/mr160321.html
htm197,(12 January 2017) ,ACELS - Foreign Policy White Paper Submissions,https://china.embassy.gov.au/bjng/FPWhitePaper.html
htm198,(19 September 2018) ,Media release: Australian innovation and technology on display at Beijing Design Week 2018,https://china.embassy.gov.au/bjng/beijingdesignweek2018.html
htm199,(16 March 2018) ,Australian Embassy statement on post graduate research students’ and research scholars’ visa issue,https://china.embassy.gov.au/bjng/mr180316.html
htm200,(8 February 2018) ,The Australian Government Department of Foreign Affairs and Trade (DFAT) 2018-19 grant rounds are open,https://china.embassy.gov.au/bjng/dfatgrants.html
htm201,(September 2021) ,Mid-Autumn Moon Festival 2021,http://pwedit.titan.satin.lo/bjng/Mid-AutumnMoonFestival2021PrimeMinister.html
