dates,title,url
2010/12/27 - ,China tops trade in goods and services,http://www.china.embassy.gov.au/bjng/MR101227.html
2010/12/22 - ,Government takes next steps in international education reforms,http://www.china.embassy.gov.au/bjng/22122010alert_en.html
2010/12/21 - ,International students positive about Australian education,http://www.china.embassy.gov.au/bjng/21122010alert_en.html
2010/12/20 - ,Review of Student Visa Program - Joint Media Release,http://www.china.embassy.gov.au/bjng/20122010alert_en.html
2010/12/17 - ,AUSTRALIA-CHINA JOINT STUDY FOR COMMERCIAL SCALE CCS PROJECT,http://www.china.embassy.gov.au/bjng/mrccs.html
2010/12/03 - ,Winners of the 2010 Asia Pacific Screen Awards Announced ,http://www.china.embassy.gov.au/bjng/03122010alert_en.html
2010/12/02 - ,Australia-China Film Industry Forum to Boost Australian Film Cooperation Prospects in China,http://www.china.embassy.gov.au/bjng/mr101202.html
2010/11/30 - ,Perth and Chengdu form a new friendship,http://www.china.embassy.gov.au/bjng/MR101130.html
2010/11/25 - ,Australia Network for the future,http://www.china.embassy.gov.au/bjng/mr101125.html
2010/11/19 - ,Anti-Counterfeiting Agreement to Benefit Creative Industries,http://www.china.embassy.gov.au/bjng/mrtm.html
2010/11/16 - ,"Australian Film Wins the ""Golden Award"" at BFA’s International Student Film and Video Festival",http://www.china.embassy.gov.au/bjng/16112010release_en.html
2010/11/16 - ,Scholarships strengthen education ties between China and Australia,http://www.china.embassy.gov.au//bjng/mredu11.html
•2011/12 ,Australian Minister visits China to reaffirm bilateral successes in combating transnational crime,http://www.china.embassy.gov.au/bjng/MR20111221.html
•2011/12 ,Visit to China by Senator the Hon. Joe Ludwig,http://www.china.embassy.gov.au/bjng/16-12-2011LudwigChinaVisitENG16-12-2011LudwigChinaVisitENG.html
•2011/12 ,Agricultural Exports Bounce Back in 2010 - 11,http://www.china.embassy.gov.au/bjng/MR20111215.html
•2011/12 - ,Zoo hopes panda play will prove productive (ABC news),http://www.china.embassy.gov.au/bjng/20111220PandasENG.html
•2011/12 -,China vows to enhance law enforcement cooperation with Australia (Xinhua article),http://www.china.embassy.gov.au/bjng/2011-12-13ChinaAustralialawenforcement-eng.html
•2011/12 -,\'Fashionable\' Australian \'Weibo\' Microblogs in China receive Sina.com International Exchange Award!,http://www.china.embassy.gov.au/bjng/20111213Sinaaward-eng.html
•2011/12 - ,Book Launched to Celebrate 30 Years of Australia-China Development Cooperation,http://www.china.embassy.gov.au/bjng/mr1112022.html
•2011/12 - ,Ludwig to reinforce agriculture trade ties in North Asia,http://www.maff.gov.au/media_office/media_releases/media_releases/2011/december/agriculture-trade-ties-north-asia
•2011/12 - ,Australia’s trade with Africa rebounds,http://www.china.embassy.gov.au/bjng/20111201OZtradetoafrica-eng.html
•2011/12 -,Australia Celebrates the International Day of People with Disability,http://www.china.embassy.gov.au/bjng/mr111202.html
"•2011/11-""","Navigating the Turmoil"", A Dialogue with Dr Martin Parkinson PSM, Secretary to the Australian Treasury, Peking University",http://www.treasury.gov.au/documents/2239/HTML/docshell.asp?URL=2239_speech.html
•2011/11-,This month in history - November 1973 First Royal Australian Air Force transport lands in Beijing,http://www.china.embassy.gov.au/bjng/03112011news_en.html
•2011/10-,New agreement on sustainable grazing on grasslands advances Australia-China agricultural collaboration,http://www.china.embassy.gov.au/bjng/24102011news_en.html
•2011/10-,Department of Climate Change and Energy Efficiency Deputy Secretary Subho Banerjee speaks at a Conference on International Climate Change Science - Xinhua report,http://news.xinhuanet.com/world/2011-10/18/c_111105500.htm
•2011/10-,What\'s life like as a Nobel Prize Winner?,http://www.china.embassy.gov.au/bjng/14102011news.html
•2011/10-,Ambassador meets Shandong Provincial Party Secretary (photo),http://www.china.embassy.gov.au/bjng/13102011photo_en.html
•2011/09-,Australia Announces New Chief Veterinary Officer,http://www.china.embassy.gov.au/bjng/29092011news_en.html
•2011/09-,Australian Federal Police Deputy Commissioner Builds Close Connections in China,http://www.china.embassy.gov.au/bjng/26092011news_en.html
•2011/09-,Ambassador the new national patron of the Australia China Alumni Association,http://austchinaalumni.org/newsletters.php?a=24#Ambassador
•2011/09-,To go where no telescope has gone before (courtesy of the Sun Herald),http://www.stuff.co.nz/technology/gadgets/5684993/To-go-where-no-telescope-has-gone-before
•2011/09-,This Day in History - First Chinese-Australian airman joins Royal Australian Air Force,http://www.china.embassy.gov.au/bjng/News110916.html
•2011/09-,Australian Education Counsellor Interviewed on Opportunities in China (The Australian),http://www.theaustralian.com.au/higher-education/opportunities-abound-in-chinas-new-10-year-vocational-plan/story-e6frgcjx-1226130666893
•2011/09-,Ambassador Adamson heads Australian delegation to First APEC Meeting for Ministers Responsible for Forestry,http://www.china.embassy.gov.au/bjng/09092011news.html
•2011/08-,Vice Foreign Minister Zhang Zhijun Meets with New Australian Ambassador to China Frances Adamson,http://brisbane.chineseconsulate.org/eng/zgxw/t850933.htm
•2011/08-,Australia\'s new Ambassador presented her credentials to President Hu Jintao,http://www.china.embassy.gov.au/bjng/30082011photo_en.html
•2011/08-,Australia-China 2.0 Trade Mission (photo gallery),http://gallery.trademinister.gov.au/Emerson/Australia-China-2-August-2011/18383539_NVwxsR
•2011/05-,Australian Minister for Foreign Affairs Visit to Guangzhou,http://www.china.embassy.gov.au/bjng/25052011photo.html
•2011/04-,Australian Minister for Trade Visit to China,http://www.china.embassy.gov.au/bjng/19042011photo.html
2011/11/15-,The Australian Trade Commission Extends its Reach in China,http://www.china.embassy.gov.au/bjng/20111115AustradeShenyangopening-eng.html
2011/11/05-,"Australia Week and the Australian History Forum, Shandong University at Weihai - Speech by Mr Graeme Meehan, Deputy Ambassador, Australian Embassy Beijing, 5 November 2011",http://www.china.embassy.gov.au/bjng/dhomspeech.html
2011/11/05-,"Speech at the China-Australia Chamber of Commerce Breakfast by the Hon Martin Ferguson AM MP, Minister for Resources and Energy & Minister for Tourism, Beijing, 5 November 2011",http://www.ret.gov.au/media-archive/Pages/default.aspx
2011/11/04-,"Speech at the Oriental Mining Club Dinner by the Hon Martin Ferguson AM MP, Minister for Resources and Energy & Minister for Tourism, Beijing, 4 November 2011 ",http://www.ret.gov.au/media-archive/Pages/default.aspx
2011/11/01-,"Deputy Prime Minister Swan welcomes launch of new securities exchange, Chi-X Australia",http://www.china.embassy.gov.au/bjng/01112011release_en.html
2011/10/21-,Chinese Wine Buyers Prefer Australia’s Best,http://www.china.embassy.gov.au/bjng/21102011release_en.html
2011/10/20-,Launch of AustCham Greater China a New Chapter in Australian Commercial Activity in China Q&A,/files/bjng/AustCham Media Release-English.pdf
2011/10/12-,Nominees announced in the 5th Annual Asia Pacific Screen Awards,http://www.china.embassy.gov.au/bjng/12102011release_en.html
2011/09/30-,New Broadband Lab to help businesses get ahead,http://www.china.embassy.gov.au/bjng/07102001release_en.html
2011/09/30-,First WA visit for Chinese basketball star,http://www.china.embassy.gov.au/bjng/06102011release1_en.html
2011/09/30-,Reserve Bank to enhance Australia\'s representation in Beijing,http://www.china.embassy.gov.au/bjng/30092011release_en.html
2011/09/29-,Prime Minister Gillard announces White Paper on Australia in Asia Century,https://www.pm.gov.au/press-office/australia-asian-century
2011/09/28-,Successful CCS Project Keeps Australia at Forefront of Global Research,http://www.china.embassy.gov.au/bjng/28092011release_en.html
2011/09/26-,Australia Establishes Diplomatic Ties with the World\'s Newest Nation,http://www.china.embassy.gov.au/bjng/26092011release_en.html
2011/09/23-,Ambassador Adamson welcomes enhancements to Australia’s Student Visa Program,http://www.china.embassy.gov.au/bjng/23092011release_en.html
2011/09/22-,Boost To International Education Sector In Response To Knight Review,http://www.china.embassy.gov.au/bjng/23092011release_en.html
2011/09/22-,Partners in Science: Australia and New Zealand submit SKA proposal,http://www.china.embassy.gov.au/bjng/22092011release2_en.html
2011/09/22-,The Hon. Warwick Smith AM appointed Chair of the Australia-China Council‪,http://www.china.embassy.gov.au/bjng/22092011release_en.html
2011/09/16-,Two Companies Lose Right to Host China Travel Groups,http://www.china.embassy.gov.au/bjng/MR-ADS-eng.html
2011/09/15-,Australian New R&D Tax Incentive approved and in operation,http://www.china.embassy.gov.au/bjng/mr110915.html
2011/09/07-,Australia and New Zealand work together to improve Pacific education,http://www.china.embassy.gov.au/bjng/07092011alert_en.html
2011/08/26-“,33 POSTCARDS” China Release,http://www.china.embassy.gov.au/bjng/26082011alert_en.html
2011/08/22-,Australian Government signs agreement with the AFL to promote Australia overseas,http://www.china.embassy.gov.au/bjng/22082011release_en.html
2011/08/05 - ,Selling Australian expertise in China,http://www.china.embassy.gov.au/bjng/MR110808.html
2011/08/05 - ,AUSTRALIA’S FINANCE AND INSURANCE FOREIGN AFFILIATE TRADE,http://www.china.embassy.gov.au/bjng/MR110805.html
2011/08/03 - ,Minister leads Australia-China 2.0 Trade Mission,http://www.trademinister.gov.au/releases/2011/ce_mr_110802.html
2011/08/02 - ,Australia-China Science Collaboration – Building Critical Mass,http://minister.innovation.gov.au/Carr/MediaReleases/Pages/AUSTRALIACHINASCIENCECOLLABORATION–BUILDINGCRITICALMASS.aspx
2011/08/01 - ,Royal Australian Navy Band takes message of friendship to the Nanchang Military Tatoo! ,/files/bjng/Article for Navy News.pdf
2011/06/24 - ,Australia-China 2.0 Trade Mission,http://www.foreignminister.gov.au/releases/2011/kr_mr_110624.html
2011/05/31 - ,Australian Foreign Minister to Open the Largest Business Technology Event in the Asia Pacific,http://www.china.embassy.gov.au/bjng/31052011alert_en.html
2011/05/30 - ,Chinese Tourism Officials Support Cairns Summit,http://www.china.embassy.gov.au/bjng/30052011alert_en.html
2011/05/25 - ,Australian Trade Minister urges APEC members to embrace domestic economic reform,http://www.china.embassy.gov.au/bjng/25052011alert2_en.html
2011/05/25 - ,"Australia\'s Trade Minister visiting China, US, France",http://www.china.embassy.gov.au/bjng/25052011alert1_en.html
2011/05/20 - ,NEW AGE: NEW MEDIA. Australia-China connections,http://www.china.embassy.gov.au/bjng/mr110520.html
2011/05/16 - ,"Foreign Minister visit to Thailand, Finland, Scandinavia and China ",http://www.china.embassy.gov.au/bjng/mr110516.html
2011/05/09 - ,Direct flights between Perth and China a step closer,http://www.china.embassy.gov.au/bjng/0905alert_en.html
2011/05/06 - ,Australia-China “YouYi Games” Basketball Series to ‘Slamdunk’ into Perth,http://www.china.embassy.gov.au/bjng/YOuyigames.html
2011/04/28 - ,Prime Minister Julia Gillard re-affirmed the strength of Australia’s education relationship with China,http://www.china.embassy.gov.au/bjng/mr110428.html
2011/04/13 - ,"Prime Minister to visit Japan, the Republic of Korea and China",http://www.china.embassy.gov.au/bjng/mrpm.html
2011/04/12 - ,Trade Minister visits China,http://www.china.embassy.gov.au/bjng/MR110412.html
2011/03/16 - ,China becomes Australia\'s largest services export market,http://www.china.embassy.gov.au/bjng/MR110316.html
2011/03/04 - ,Unlimited Educational Opportunities in Australia,/files/bjng/CIEET Australian Press Release 030311V2.pdf
2011/02/25 - ,New strategy to support multiculturalism in Australia,http://www.china.embassy.gov.au/bjng/MR110223.html
2011/02/21 - ,2011 Australian Writers’ Week Press Release and Event Schedule,http://www.china.embassy.gov.au/bjng/mraww.html
2011/01/27 - ,2010 ACC AustCham Scholarship Recipients Announced,/files/bjng/ACC AustCham Scholarship winners press release.pdf
2011/01/12 - ,Queensland Floods - Information for International Students,/files/bjng/Despatch 48 - Queensland Floods  - More Information.pdf
(21 December 2012) ,CHINA’S RISE DOMINATES YEARLY TRADE ROUND-UP ,http://www.china.embassy.gov.au/bjng/121221dfatmediarelease.html
(21 December 2012) ,40th anniversary of the establishment of diplomatic relations between Australia and the People\'s Republic of China ,http://jbh.ministers.treasury.gov.au/wmsDisplayDocs.aspx?doc=pressreleases/2012/135.htm&PageID=003&min=wms&Year=&DocType=0
(20 December 2012) ,JOINT AUSTRALIA-CHINA STUDY – Feeding the Future ,http://www.dfat.gov.au/publications/feeding-the-future/
(20 December 2012) ,MEDIA RELEASE - Joint Australia-China study paves way for closer rural cooperation ,http://www.trademinister.gov.au/releases/2012/ce_mr_121220.html
(12 December 2012) ,"Speech to Xi\'an International Studies University by Arts Minister Simon Crean - ""The Value of Cultural Exchange""",http://www.minister.infrastructure.gov.au/sc/speeches/2012/CS72.aspx
(12 December 2012) ,Australian Prime Minister Julia Gillard\'s speech at Gala Dinner to celebrate 40 years of Australia-China diplomatic relations ,https://www.pm.gov.au/press-office/speech-gala-dinner-fortieth-anniversary-diplomatic-relations-between-australia-and-peop
(12 December 2012) ,China-Australia Tourism Relationship Celebrated ,http://www.china.embassy.gov.au/bjng/121212tourism.html
(10 December 2012) ,"Guangzhou Speech by Arts Minister Simon Crean - ""Australia in the Asian Century"" ",http://www.minister.infrastructure.gov.au/sc/speeches/2012/CS74.aspx
(8 December 2012) ,Minister for the Arts and Minister for Regional Development Simon Crean\'s China visit to strengthen ties in Asian Century ,http://www.minister.infrastructure.gov.au/sc/releases/2012/december/sc236_2012.aspx
(26 November 2012) ,CRAIG EMERSON AND CHRIS EVANS JOINT MEDIA RELEASE - MINISTERS WELCOME ACADEMIC CHAIR IN CHINA ,http://www.china.embassy.gov.au/bjng/121126mediarelease.html
(19 November 2012) ,Her Excellency Ms Frances Adamson Australian Ambassador to the People’s Republic of China - Speech at the International Symposium on Child Poverty and Development ,http://www.china.embassy.gov.au/bjng/121119HOMspeech.html
(12 November 2012) ,Her Excellency Ms Frances Adamson Australian Ambassador to the People’s Republic of China Speech at ACBC/CEDA Luncheon South Australia and China at 40 in Adelaide ,http://www.china.embassy.gov.au/bjng/121112HOMspeech.html
(9 November 2012) ,Her Excellency Ms Frances Adamson Australian Ambassador to the People’s Republic of China Speech at the ACBC/Asialink luncheon Victoria and China at 40 in Melbourne ,http://www.china.embassy.gov.au/bjng/121109HOMspeechmelbourne.html
(8 November 2012) ,Her Excellency Ms Frances Adamson Australian Ambassador to the People’s Republic of China Speech at Griffith University’s ‘Perspectives Asia’ Event Queensland and China at 40 in Brisbane,http://www.china.embassy.gov.au/bjng/121108HOMspeechbrisbane.html
(6 November 2012) ,"Ms Frances Adamson, Australian Ambassador to China- Speech to the University of Sydney: New South Wales and China in the 40th Year of the Australia-China Relationship ",http://www.china.embassy.gov.au/bjng/121107HOMspeech.html
(4 November 2012) ,"Speech by Australian Ambassador Frances Adamson at the Opening Ceremony of China Mining, Tianjin ",http://www.china.embassy.gov.au/bjng/121108HOMspeech.html
(31 October 2012) ,"More than 10,000 Australian students AsiaBound ",http://minister.innovation.gov.au/chrisevans/MediaReleases/Pages/Morethan10000AustralianstudentsAsiaBound.aspx
(31 October 2012) ,"""An Introduction to the “Australia in the Asian Century” White Paper - speech by Ambassador Frances Adamson to the Foreign Correspondents\' Club of China"" ",http://www.china.embassy.gov.au/bjng/121031whitepaperHOMspeech.html
(29 October 2012) ,"Frontiers of Knowledge Symposium: Australia-China and Beyond to 2020, University of Sydney ",http://www.china.embassy.gov.au/bjng/121106HOMspeech.html
(28 October 2012) ,Launch of White Paper to consider Australia\'s place in the Asian Century,http://www.china.embassy.gov.au/bjng/121029whitepaper.html
(25 October 2012) ,Australian Defence Force Cooperates with China and New Zealand on Humanitarian Assistance and Disaster Relief ,http://www.china.embassy.gov.au/bjng/121025mindefrelease.html
(22 October 2012) ,At 40 there are no doubts- Her Excellency Ms Frances Adamson Australian Ambassador to the People’s Republic of China\'s Speech to the 2012 Australia-China Youth Dialogue ,http://www.china.embassy.gov.au/bjng/121022HOMspeech.html
(19 October 2012) ,Australia secures a seat on the United Nations Security Council,http://www.foreignminister.gov.au/releases/2012/bc_mr_121019.html
(12 October 2012) ,China and Australia sign new Customs partnership agreement ,http://www.customs.gov.au/site/mediaRelease20121012.asp
(27 Sept 2012) ,"“Australia and China at 40: Partners in Growth” - HE Ms Frances Adamson Australian Ambassador to the People’s Republic of China, Speech to the 12th China International Steel & Raw Materials Conference ",http://www.china.embassy.gov.au/bjng/20120927HOMspeech-eng.html
(27 Sept 2012) ,New visa \'label-free\' travel arrangements for Chinese nationals travelling to Australia,http://www.china.embassy.gov.au/bjng/MR120928.html
(24 Sept 2012) ,"“Australia-China Relations at 40 – Building a Pathway for the Future” - HE Ms Frances Adamson Australian Ambassador to the People’s Republic of China, Speech to 2012 Annual Leader’s Lecture ",http://www.china.embassy.gov.au/bjng/20120924HOMspeech-eng.html
(14 Sept 2012) ,"Speech by Senator Bob Carr, Foreign Minister of Australia, to the ""Australia in the China Century Conference"" ",http://www.foreignminister.gov.au/speeches/2012/bc_sp_120914.html
(14 Sept 2012) ,"Asia Ready People, Asia-Ready Policies"" - Speech by The Hon Wayne Swan MP, Deputy Prime Minister and Treasurer of Australia to the ""Australia in the China Century Conference"" ",http://jbh.ministers.treasury.gov.au/wmsDisplayDocs.aspx?doc=speeches/2012/026.htm&pageID=003&min=wms&Year=&DocType=1
(11 Sept 2012) ,Hidden Worlds Exhibition by Anna Glynn ,/files/bjng/Hidden Worlds Exhibition by Anna Glynn media release.pdf
(06 Sept 2012) ,Her Excellency Ms Frances Adamson Australian Ambassador to the People’s Republic of China Speech at the Opening Ceremony of the 2012-2013 Academic Year at Beijing Foreign Studies University ,http://www.china.embassy.gov.au/bjng/120906homspeechbfsu.html
(03 Sept 2012) ,Changes to Australian visa service delivery in China ,http://www.china.embassy.gov.au/bjng/20120903DIAC-eng.html
(30 Aug 2012),FOR TRAVELLERS TO AUSTRALIA - Australia\'s duty-free concessions for cigarettes and tobacco products are changing on Saturday 1 September,/files/bjng/DutyFreeConcessionsarechangingJune12WEB.pdf
(23 Aug 2012) ,Australian Nobel Laureates To Visit China and Further Expand Australia-China Science Ties ,http://www.china.embassy.gov.au/bjng/120823nobellaureates.html
(22 Aug 2012) ,China Southern Lands in North Queensland ,http://www.china.embassy.gov.au/bjng/120822chinasouthern.html
(20 Aug 2012) ,"HE Frances Adamson, Australia’s Ambassador to the People’s Republic of China- Welcome Speech at Gala Dinner of Australian Week in Shenyang ",http://www.china.embassy.gov.au/bjng/120820homgalaspeech.html
(16 Aug 2012),"Speech by Ms Frances Adamson, Australian Ambassador to China, on the occasion of ""Australia Education Day"" at Liaoning University, Shenyang ",http://www.china.embassy.gov.au/bjng/120816ambassadorspeech.html
(16 Aug 2012) ,CSIRO and China work towards global border security ,http://www.china.embassy.gov.au/bjng/120816csiro.html
(16 Aug 2012) ,Chinese Students demonstrating power of partnership,http://www.china.embassy.gov.au/bjng/120816students.html
(15 Aug 2012) ,Tourism Australia welcomes new China flights for Cairns and Brisbane ,http://www.media.australia.com/about-us/pagenotfound.aspx?aspxerrorpath=/en-au/mediareleases/default_9056.aspx
(14 Aug 2012) ,"HE Frances Adamson, Australian Ambassador to the People’s Republic of China, Speech at Dinner to Celebrate CSIRO’s Long Term Science and Research Partnerships in China",http://www.china.embassy.gov.au/bjng/20120904HOMspeech-eng.html
 (09 Aug 2012) ,CSIRO Mission supports China-Australia collaboration ,http://www.china.embassy.gov.au/bjng/120809csiro.html
(13 July 2012) ,Remarks by the Deputy Prime Minister and Treasurer The HON Wayne Swan MP - 40 Years of Friendship ,http://www.china.embassy.gov.au/bjng/123.html
(09 July 2012) ,Australia-China Low-Emissions Coal Partnership Fund ,http://www.ret.gov.au/Pages/default.aspx
(09 July 2012) ,Treasurer to lead business delegation to China,http://jbh.ministers.treasury.gov.au/DisplayDocs.aspx?doc=pressreleases/2012/045.htm&pageID=003&min=wms&Year=&DocType=0
(06 July 2012) ,"Ambassador\'s opening remarks to 13th Australian Studies Conference, Xihua University, Chengdu, Sichuan Province ",http://www.china.embassy.gov.au/bjng/20120706HOMspeech.html
(28 June 2012) ,Ambassador Adamson\'s remarks at the opening of China-Australia Media Conference ,http://www.china.embassy.gov.au/bjng/mediaforum.html
(03 June 2012) ,Minister for Defence Stephen Smith – Minister for Defence visit to China ,http://www.minister.defence.gov.au/2012/06/03/minister-for-defence-stephen-smith-minister-for-defence-visit-to-china/
(17 May 2012) ,Australian Navy joins China for maritime exercise ,http://news.defence.gov.au/2012/05/17/australian-navy-joins-china-for-maritime-exercise/
(15 May 2012) ,"Remarks by Senator the Hon Bob Carr, Minister for Foreign Affairs - Launch of the 40th Anniversary of Australia China Diplomatic Relations ",http://www.china.embassy.gov.au/bjng/20120605Carrremarks-eng.html
(15 May 2012) ,Ambassador\'s remarks at 40th anniversary launch ,http://www.china.embassy.gov.au/bjng/20120605HOMremarks-eng.html
(10 May 2012) ,Australian Foreign Minister Carr to visit China and Japan,http://www.foreignminister.gov.au/releases/2012/bc_mr_120510.html
(28 March 2012) ,New label-free visa arrangements for Student visa holders travelling from China to Australia,http://www.china.embassy.gov.au/bjng/28marchvisapolicy.html
(22 March 2012) ,Reserve Bank of Australia and People\'s Bank of China sign local currency swap agreement ,http://www.rba.gov.au/media-releases/2012/mr-12-08.html
(20 March 2012) ,Opening of new Australian Consulate-General in Chengdu,https://www.pm.gov.au/press-office/opening-new-consulate-general-chengdu
(27 February 2012) ,"Ambassador\'s remarks at the launch of CIW/CICIR Joint Report - ""Australia and China Today"" ",http://www.china.embassy.gov.au/bjng/20120228finalAmbassadorspeech.html
(06 February 2012) ,"Australia-China: Three Challenges and Opportunities——Australian Ambassador to China, Ms Frances Adamson\'s Speech to the Australia China Business Council",http://www.china.embassy.gov.au/bjng/20120207HOM.html
(18 January 2012) ,Minister for Foreign Affairs media release: Australia Joins the Fight Against Space Junk,http://www.china.embassy.gov.au/bjng/20120118spacejunk.html
(13 December 2013) ,NEW SMARTRAVELLER BUSINESS TRAVEL ADVICE,http://www.china.embassy.gov.au/bjng/131213smarttravellerMR.html
(13 December 2013) ,2013 APSA WINNERS ANNOUNCED ,http://www.china.embassy.gov.au/bjng/131213screenawards.html
(4 December 2013) ,"Australian Foreign Minister to visit Indonesia, China and the Philippines this week",http://www.foreignminister.gov.au/releases/2013/jb_mr_131204.html
(2 December 2013) ,First CITIC export of iron ore from Australia a major investment milestone,http://www.trademinister.gov.au/releases/2013/ar_mr_131202.html
(1 December 2013) ,Australia assumes presidency of the G20,https://www.pm.gov.au/media/2013-12-01/australia-assumes-presidency-g20
(29 November 2013) ,Australia-China Forum forges closer ties,http://foreignminister.gov.au/releases/2013/jb_mr_131129.html
(26 November 2013) ,AUSTRALIAN FOREIGN MINISTER’S MEDIA RELEASE: China\'s announcement of an air-defence identification zone over the East China Sea,http://www.foreignminister.gov.au/releases/2013/jb_mr_131126a.html
(15 November 2013) ,MEDIA RELEASE:Chinese Students to Benefit from Extension to Streamlined Visa Processing Arrangements for Student Visa Applications to Australia,http://www.china.embassy.gov.au/bjng/131115MRstudentvisa.html
"
(14 November 2013) ",FTAs major focus of Robb\'s North Asia visit,http://www.trademinister.gov.au/releases/2013/ar_mr_131114.html
(12 November 2013) ,2013 APSA Nominees Announced- Zhang Ziyi and Lu Yue Nominated,http://www.asiapacificscreenacademy.com/2013/11/2013-apsa-nominees-announced/
(6 November 2013) ,"Her Excellency Ms Frances Adamson Australian Ambassador to the People’s Republic of China- Speech to London Metal Exchange Downunder Dinner at The Regent Theatre, Melbourne",/bjng/131106HOMLME.html
(31 October 2013) ,Media Releases 2013: Local screen industry’s strong track record provides fertile ground for Asian partnerships ,http://www.screenaustralia.gov.au/news_and_events/2013/mr_131031_commonground.aspx
(22 October 2013) ,Australian Trade and Investment Minister to visit China from 23-25 October 2013,http://www.trademinister.gov.au/releases/2013/ar_mr_131022a.html
(20 October 2013) ,"Speech- Governor-General of the Commonwealth of Australia Visit to BlueScope Steel Plant Opening, Xi\'an",https://www.gg.gov.au/speech/bluescope-steel-plant-opening
(17 October 2013) ,Speech- Governor-General of the Commonwealth of Australia Visit to Renmin University,https://www.gg.gov.au/speech/visit-renmin-university
(7 October 2013) ,"MEDIA ADVISORY: GOVERNOR-GENERAL TO UNDERTAKE STATE VISIT TO CHINA
7 October 2013",https://www.gg.gov.au/media-release/media-advisory-governor-general-undertake-state-visit-china
(30 September 2013) ,Australian Ambassador Ms Frances Adamson welcomes arrival of delicious Australian navel oranges to China,http://www.china.embassy.gov.au/bjng/130930homnaveloranges.html
(27 September2013) ,Win a year of study in Australia!,/bjng/130927MR.html
(25 September 2013) ,Media Releases 2013: Enterprise Asia: Australian screen industry delegation heads to China ,http://www.screenaustralia.gov.au/news_and_events/2013/mr_130925_asia.aspx
(25 September 2013) ,"Australian Ambassador’s speech to 2013 China Iron and Steel Association conference – An enduring partnership in a period of change – Qingdao, 25 September 2013",http://www.china.embassy.gov.au/bjng/131004ambassadorspeechatQD.html
(6 September 2013) ,"HE Ms Frances Adamson, Australian Ambassador to China- Address to Jilin University of Finance and Economics",/files/bjng/Ambassador Adamson\'s speech to JUFE.pdf
(29 August 2013) ,Australian Ambassador attends premiere of “The Great Gatsby” in Beijing,http://www.china.embassy.gov.au/bjng/130829greatgatsby.html
(27 August 2013) ,Australian Government releases China Country Strategy ,http://www.dfat.gov.au/issues/asian-century/china/
(26 August 2013) ,Australian Ambassador Frances Adamson visits Tibet ,http://www.china.embassy.gov.au/bjng/130826HOMtibetvisit.html
(19 August 2013) ,MEDIA RELEASE - INTRODUCTION OF AUSTRALIAN VISA APPLICATION CENTRE GUANGZHOU,http://www.china.embassy.gov.au/bjng/130819avacgzmediarelease.html
(9 August 2013) ,Submissions open for 7th Asia Pacific Screen Awards,http://www.china.embassy.gov.au/bjng/130809MRASPA.html
(1 August 2013) ,EIGHT INAUGURAL AUSTRALIAN ARTS IN ASIA AWARDS GO TO CHINA,http://www.china.embassy.gov.au/bjng/130802artsawards.html
(31 July 2013) ,Minister for Foreign Affairs Senator the Hon. Bob Carr Opens Australian Consulate in Chengdu,http://www.china.embassy.gov.au/bjng/130731mediarelease.html
(25 July 2013) ,"Australian Foreign Minister, Senator Bob Carr, visits China",http://www.foreignminister.gov.au/releases/2013/bc_mr_130725.html
(25 July 2013) ,Australian Trade Minister Marles in Beijing for Trade Talks,http://www.trademinister.gov.au/releases/2013/rm_mr_130724.html
(05 July 2013) ,Media Release - NAIDOC Week 2013,http://www.china.embassy.gov.au/bjng/130705naidoc.html
(25 June 2013) ,"Her Excellency Ms Frances Adamson Australian Ambassador to the People’s Republic of China - Luncheon Speech at CEDA/ACBC Event, China’s Economic Rebalancing, Perth",http://www.china.embassy.gov.au/bjng/130625HOMspeech.html
(17 June 2013) ,New awards celebrate Australian artists in Asia,http://ministers.regional.gov.au/honourable-tony-burke-mp/media-releases/2013/new-awards-celebrate-australian-artists-asia
(16 June 2013) ,"Her Excellency Ms Frances Adamson Australian Ambassador to the People’s Republic of China, Speech at AustCham Shanghai on The Australia - China Bilateral Relationship",http://www.china.embassy.gov.au/bjng/130616HOMspeech.html
(30 May 2013) ,Australian Foreign Minister Senator Carr announces first Australian Consul-General to Chengdu,http://foreignminister.gov.au/releases/2013/bc_mr_130530.html
(03 May 2013) ,Australia’s 2013 Defence White Paper,/files/bjng/WP_2013_web.pdf
(03 May 2013) ,Australian Prime Minister and Defence Minister release 2013 Defence White Paper ,http://www.minister.defence.gov.au/2013/05/03/prime-minister-and-minister-for-defence-joint-media-release-release-of-the-2013-defence-white-paper/
(03 May 2013) ,Australian Ambassador to China welcomes release of Australia’s 2013 Defence White Paper,http://www.china.embassy.gov.au/bjng/130503mediarelease.html
(24 April 2013) ,"The Journey of Financial Reform - Philip Lowe, Deputy Governor of Reserve Bank of Australia\'s Address to the Australian Chamber of Commerce in Shanghai",http://www.rba.gov.au/speeches/2013/sp-dg-240413.html
(22 April 2013) ,Australian Prime Minister Gillard’s Address to the Australian Davos Connection Future Summit in Melbourne,https://www.pm.gov.au/press-office/speech-australian-davos-connection-future-summit
(22 April 2013) ,Joint Media Release - Sichuan Earthquake,http://foreignminister.gov.au/releases/2013/bc_mr_130422b.html
(12 April 2013) ,"RMB DIALOGUE OPENING ADDRESS, SYDNEY - THE HON WAYNE SWAN MP
DEPUTY PRIME MINISTER AND TREASURER",http://www.china.embassy.gov.au/bjng/130412rmbdialogue.html
(12 April 2013) ,"ADDRESS TO AUSTRALIA-HONG KONG RMB TRADE AND INVESTMENT DIALOGUE, Sydney
Dr Martin Parkinson PSM, Secretary to the Treasury ",http://www.china.embassy.gov.au/bjng/130412address.html
(09 April 2013) ,Address to AustCham – Australia China Business Council ,https://www.pm.gov.au/press-office/address-austcham-%E2%80%93-australia-china-business-council
(31 March 2013) ,Australian Prime Minister Gillard and Senior Ministers to visit China,https://www.pm.gov.au/press-office/prime-minister-and-senior-minister-visit-china
(13 March 2013) ,"ANZAC (Australian and New Zealand Army Corps) Day Commemoration, April 25",/files/bjng/ANZAC Day 2013 Flyer.pdf
(11 March 2013) ,"Australian Writers\' Week, March 16 - March 23",/files/bjng/AWW Booklet 130304proof.pdf
(07 March 2013) ,Senator Carr - International Women’s Day video message: International Women’s Day 2013 – Ending Violence Against Women,http://www.china.embassy.gov.au/bjng/130307CarrIWDmessage.html
(01 March 2013) ,"Remarks by Australian Ambassador to China, Frances Adamson, at the opening of Global Carbon Capture and Storage Institute’s Beijing Representative Office",http://www.china.embassy.gov.au/bjng/130301HOMremarks.html
(28 February 2013) ,APPLICATIONS OPEN FOR THE 2014 AUSTRALIAN AWARDS SCHOLARSHIPS,http://www.china.embassy.gov.au/bjng/130228scholarship.html
(20 February 2013) ,Media release - 2013 Australian Writers’ Week in China,http://www.china.embassy.gov.au/bjng/130220mediarelease.html
(30 January 2013) ,Media release - Ambassador Adamson welcomes survey showing growing Australian business interest in China ,http://www.china.embassy.gov.au/bjng/130130mediarelease.html
(25 January 2013) ,Media release - Australian cherries arrive in China ,http://www.china.embassy.gov.au/bjng/130125mediarelease.html
(23 January 2013) ,Media release - Australian Ambassador welcomes release of Australia\'s National Security Strategy,http://www.china.embassy.gov.au/bjng/130123mediarelease.html
(16 January 2013) ,Australian Ambassador Adamson\'s speech to Renmin University\'s Australian Studies Centre - Australia-China Bilateral Relations,http://www.china.embassy.gov.au/bjng/130116HOMspeech.html
(31 December 2014) ,Australia concludes UN Security Council term,http://foreignminister.gov.au/releases/Pages/2014/jb_mr_141231.aspx?ministerid=4
(11 December 2014) ,"Her Excellency Ms Frances Adamson Australian Ambassador to the People’s Republic of China - Speech at the BHP Billiton One Billion Tonne Event, The Langham, Shanghai - “BHP Billiton: Leadership and partnership in the Asia Pacific in 2014”, Thursday 11 December 2014",http://www.china.embassy.gov.au/bjng/141211HOMspeech.html
(18 November 2014) ,Media Release - Foreign Minister Julie Bishop: Australia-China Achievement Awards - winners and finalists announced by Prime Minister Tony Abbott,http://foreignminister.gov.au/releases/Pages/2014/jb_mr_141118.aspx?ministerid=4
"
(17 November 2014) ",Ambassdor Frances Adamson\'s Statement at the Announcement of Conclusion of Australia-China FTA negotiations,http://www.china.embassy.gov.au/bjng/HOMstatement.html
(6 November 2014) ,Trade Minister Departs for China FTA and APEC Talks,http://trademinister.gov.au/releases/Pages/2014/ar_mr_141106.aspx
"
(6 November 2014) ",Foreign Minister Visits China for APEC Ministerial Meeting,http://foreignminister.gov.au/releases/Pages/2014/jb_mr_141106.aspx
(24 October 2014) ,"Her Excellency Ms Frances Adamson, Australian Ambassador to the People’s Republic of China - Address to Exploration Exchange, Beijing International Convention Centre, Friday, 24 October, 2014",http://www.china.embassy.gov.au/bjng/141024HOMspeech.html
(24 September 2014) ,"Her Excellency Ms Frances Adamson Australian Ambassador to the People’s Republic of China - Speech to the 14th China International Steel & Raw Materials Conference, Dalian - “China and Australia: Leadership and partnership in the Asia Pacific in 2014”",http://www.china.embassy.gov.au/bjng/140924HOMspeech.html
(18 September 2014) ,Celebrating industry\'s role in Australia-China agricultural relations ,http://www.maff.gov.au/Pages/Media%20Releases/celebrating-industry’s-role-in-australia-china-agricultural-relations.aspx
(18 September 2014) ,Tangible support for Chinese-Australian cooperation ,http://www.maff.gov.au/Pages/Media%20Releases/tangible-support-for-chinese-australian-cooperation.aspx
(18 September 2014) ,Joint research centres mutually beneficial ,http://www.maff.gov.au/Pages/Media%20Releases/joint-research-centres-mutually-beneficial.aspx
(17 September 2014) ,AUSTRALIAN DESIGN INDUSTRY DELEGATION TO BEIJING DESIGN WEEK,/bjng/140917MR.html
(11 September 2014) ,"Her Excellency Ms Frances Adamson Australian Ambassador to the People’s Republic of China - Speech at the Opening of The Big Picture: Lives, Landscapes, Homelands in Australian and Chinese Art, The 2nd FASIC Australian Studies in China Conference at Renmin University of China, Beijing, China, Thursday 11 September 2014",http://www.china.embassy.gov.au/bjng/140911HOMspeech.html
(11 September 2014) ,Growing agricultural connections with China ,http://www.maff.gov.au/Pages/Media%20Releases/growing-agricultural-connections-with-china.aspx
(08 September 2014) ,Australia-China Foreign and Strategic Dialogue,http://foreignminister.gov.au/releases/Pages/2014/jb_mr_140908.aspx
"
(03 September 2014) ",Australian Ambassador Frances Adamson visits Xinjiang – August/September 2013,http://www.china.embassy.gov.au/bjng/140903HOMxinjiang.html
(29 August 2014) ,"Her Excellency Ms Frances Adamson Australian Ambassador to the People’s Republic of China - Remarks at the Signing of a Cooperation Agreement between Australian Trade Commission and Jiangxi China Council for the Promotion of International Trade (CCPIT) Jiangxi Sub Council, Nanchang, Friday, 29 August, 2014",http://www.china.embassy.gov.au/bjng/140829HOMspeech.html
(29 August 2014) ,"Address by Australian Treasurer Joe Hockey to Foreign Investment Roundtable, Sydney",http://jbh.ministers.treasury.gov.au/speech/013-2014/
(23 August 2014) ,"Her Excellency Ms Frances Adamson Australian Ambassador to the People’s Republic of China - Speech at the Opening Ceremony：The 20th Summit of China Dairy Industry Association at Shanghai Everbright Convention and Exhibition Centre, Shanghai, Saturday 23 August, 2014",/bjng/140823HOMspeech.html
(25 July 2014) ,Call for Applications – Australian Design Industry Delegation to Beijing Design Week 2014,http://www.china.embassy.gov.au/bjng/140724designweek.html
(23 July 2014) ,MEDIA RELEASE: Applications for the 2014 Australia-China Youth Dialogue (ACYD) are now open,/files/bjng/Media Release - ACYD 2014.docx
(18 July 2014) ,Joint Statement – Minister for Defence and Vice Chairman of the Central Military Commission of the People’s Republic of China,http://www.minister.defence.gov.au/2014/07/18/joint-statement-minister-for-defence-and-vice-chairman-of-the-central-military-commission-of-the-peoples-republic-of-china/
(18 July 2014) ,Minister for Defence – Defence Minister David Johnston hails closer Australia-Chinese Defence ties,http://www.minister.defence.gov.au/2014/07/18/minister-for-defence-defence-minister-david-johnston-hails-closer-australia-chinese-defence-ties/
"
(08 July 2014) ","Her Excellency Ms Frances Adamson Australian Ambassador to the People’s Republic of China - ‘The Outlook for Australia’s Trade and Investment Relationship with China’, Speech to ACBC Business Breakfast, SA",http://www.china.embassy.gov.au/bjng/140708homspeech.html
(08 July 2014) ,"NAIDOC Week 2014",http://www.china.embassy.gov.au/bjng/140708NAIDOC.html
(03 July 2014) ,"Her Excellency Ms Frances Adamson Australian Ambassador to the People’s Republic of China - ‘Australia-China Relations and China’s Economic Reform’, Asialink Business Luncheon, Melbourne",http://www.china.embassy.gov.au/bjng/140703HOMspeech.html
(01 July 2014) ,"Her Excellency Ms Frances Adamson Australian Ambassador to the People’s Republic of China - ‘Seeing the bigger picture: Australia’s economic relationship with China’, Asia Institute Public Address, Centenary Lecture Theatre, University of Tasmania",http://www.china.embassy.gov.au/bjng/140701HOMspeech.html
(30 June 2014) ,"Her Excellency Ms Frances Adamson Australian Ambassador to the People’s Republic of China - ‘Australia-China Relations and China’s Economic Reform’. Australia-China Business Council, Annual China Oration, Brisbane",http://www.china.embassy.gov.au/bjng/140630HOMspeech.html
(25 June 2014) ,"Her Excellency Ms Frances Adamson Australian Ambassador to the People’s Republic of China - ‘Current state of Chinese economic reform’, Speech to ACBC and Chinese Chamber of Commerce WA, Parmelia Hilton, Perth",http://www.china.embassy.gov.au/bjng/140625HOMspeech.html
"
(20 June 2014) ",Australian Ministers to visit China for Inaugural Strategic Economic Dialogue,http://jbh.ministers.treasury.gov.au/media-release/030-2014/
(19 June 2014) ,Sydney Symphony Orchestra China Tour 2014,http://www.china.embassy.gov.au/bjng/140619SSOtour.html
"
(12 June 2014) Media Release - ",Australian Screen Industry Shines with Record Presence at the 17th Shanghai International Film Festival ,http://www.china.embassy.gov.au/bjng/140613MRACFIF.html
(22 May 2014) ,Statement on the Urumqi attack by the Australian Ambassador to China,http://www.china.embassy.gov.au/bjng/140522urumqistatement.html
(15 May 2014) ,TRADE MINISTER IN APEC AND TPP TALKS,http://trademinister.gov.au/releases/Pages/2014/ar_mr_140516.aspx
(25 April 2014) ,"Her Excellency Ms Frances Adamson, Australian Ambassador to the People’s Republic of China, Speech on the occasion of ANZAC Day 2014, Australian Embassy, Beijing",http://www.china.embassy.gov.au/bjng/140425anzacdayspeech.html
(28 March 2014) ,AUSTRALIA WELCOMES CHINA TO THE AFC ASIAN CUP IN 2015,http://www.china.embassy.gov.au/bjng/140328asiancupmr.html
"
(21 March 2014) #livethelifeAus# If you have the skills, Australia has the lifestyle. www.immi.gov.au/Work ",http://v.youku.com/v_show/id_XNjg4MDkzODA0.html,http://v.youku.com/v_show/id_XNjg4MDkzODA0.html
(10 March 2014) ,Australian Ambassador welcomes Chief Executive of Australia’s national science agency CSIRO to China ,http://www.china.embassy.gov.au/bjng/140310MRCSIRO.html
(10 March 2014) #livethelifeAus# Drawing up plans for your future? Live the life Australia. ,www.immi.gov.au/Work,http://www.immi.gov.au/Work
"
(3 March 2014) #livethelifeAus# Get out from behind the screen. Live the life Australia. ",www.immi.gov.au/Work,http://www.immi.gov.au/Work
(3 March 2014) ,"Australian Prime Minister Tony Abbott’s visit to Japan, Republic of Korea and China ",http://www.china.embassy.gov.au/bjng/140303MRPMvisit.html
(3 March 2014) ,Statement regarding the Kunming attack from the Australian Ambassador to China,http://www.china.embassy.gov.au/bjng/140303statementkunming.html
(27 February 2014) ,"MEDIA RELEASE- AUSTRALIAN EMBASSY, BEIJING- 2014 Australian Writers’ Week in China",http://www.china.embassy.gov.au/bjng/140227AWWMR.html
(24 February 2014) #livethelifeAus# Tune-up your life in Australia. Live the life Australia. ,www.immi.gov.au/Work http://v.youku.com/v_show/id_XNjc3MTQ2Mjky.html,http://www.immi.gov.au/Work 
(20 February 2014) ,15th Australia-China Human Rights Dialogue,http://www.china.embassy.gov.au/bjng/140220MRhrd.html
(18 February 2014) Live the life Australia - change the pace of your life. #livethelifeAus# ,www.immi.gov.au/Work http://v.youku.com/v_show/id_XNjc0NDcwMTA4.html,http://www.immi.gov.au/Work 
(12 February 2014) Live the life Australia Tune-up your life in Australia #livethelifeAus# ,www.immi.gov.au/Work http://v.youku.com/v_show/id_XNjcyMDAyNDU2.html,http://www.immi.gov.au/Work 
"
(7 February 2014) ",Chinese business visitors set to benefit from multiple entry visas,http://trademinister.gov.au/releases/2014/ar_mr_140207.html
(15 January 2014) ,Lieutenant General Wang Guanzhong visits Australia for the 16th Australia-China Defence Strategic Dialogue,http://news.defence.gov.au/2014/01/15/lieutenant-general-wang-guanzhong-visits-australia-for-the-16th-australia-china-defence-strategic-dialogue/
(20 December 2015) ,Historic China-Australia FTA enters into force,http://trademinister.gov.au/releases/Pages/2015/ar_mr_151220a.aspx
(9 December 2015) ,China-Australia FTA Benefits Set to Flow From 20 December,http://trademinister.gov.au/releases/Pages/2015/ar_mr_151209.aspx?w=O%2F%2FeXE%2BIYc3HpsIRhVl0XA%3D%3D
(1 December 2015) ,Stronger foreign investment regime comes into force,https://china.embassy.gov.au/bjng/FOREIGNINVESTMENT.html
(1 December 2015) ,China will welcome nine of Australia’s best and brightest undergraduate students as New Colombo Plan scholars in 2016,http://foreignminister.gov.au/releases/Pages/2015/jb_mr_151201.aspx
(17 November 2015)  ,Australia signs new health cooperation agreements with China,http://www.health.gov.au/internet/ministers/publishing.nsf/Content/health-mediarel-yr2015-ley140.htm
(15 November 2015)   ,Health Minister to visit China and Indonesia,https://www.health.gov.au/internet/ministers/publishing.nsf/Content/health-mediarel-yr2015-ley139.htm
(12 November 2015)   ,Ministerial meeting on water management and infrastructure,http://www.agricultureminister.gov.au/Pages/Media-Releases/water-management-meeting-china.aspx
(12 November 2015)   ,China-Australia Joint Framework on Agriculture Cooperation,http://www.agricultureminister.gov.au/Pages/Media-Releases/china-aus-joint-framework.aspx
(12 November 2015)  ,North Asia visit to strengthen agricultural relationships following FTAs,http://www.agricultureminister.gov.au/Pages/Media-Releases/north-asia-visit-to-strengthen-agricultural-relationships-following-FTAs.aspx
(22 October 2015)  ,NOMINEES ANNOUNCED IN 9TH ASIA PACIFIC SCREEN AWARDS,https://china.embassy.gov.au/files/bjng/151030%20APSA%20Eng.pdf
(22 October 2015) ,Australia's Next Ambassador to China ,http://foreignminister.gov.au/releases/Pages/2015/jb_mr_151022.aspx
(23 September 2015) ,"Australia: a leading partner for Asian infrastructure and investment --- Speech by the Australian Ambassador to China
Ms Frances Adamson at the 15th China International Steel & Raw Materials Conference in Qingdao",https://china.embassy.gov.au/bjng/20150923HOMspeech.html
(17 September 2015) ,Australia at Beijing Design Week,/files/bjng/AUS BJDW FINAL WEB 3.pdf
(23 July 2015) ,"Demonstration outside Chinese Consulate-General, Sydney",http://dfat.gov.au/news/news/Pages/demonstration-outside-chinese-consulate-general-sydney.aspx
(26 June 2015) ,Minister Cash to visit China,http://www.minister.border.gov.au/michaeliacash/2015/Pages/minister-cash-visit-china.aspx
"
(24 June 2015) ",Australia to join the Asian Infrastructure Investment Bank,http://jbh.ministers.treasury.gov.au/media-release/064-2015/
"
(12 June 2015) ",Professor Xinhua Wu’s visit,https://china.embassy.gov.au/bjng/20150612profwu-eng.html
"
(02 June 2015) ",What’s next for the Australia-China Relationship --- Speech by the Australian Ambassador to China Ms Frances Adamson to the Asia Society in Sydney,https://china.embassy.gov.au/bjng/20150611HOMspeech-eng.html
(26 May 2015) ,"The Australian Ballet announces China tour program, with confirmed support from government and two new sponsors ",/files/bjng/150526 Media Release - Australian Ballet China Tour Announced.docx
(21 May 2015) ,Delegation of Leading Chinese Filmmakers in Australia for Inaugural Industry Familiarisation Tour,https://china.embassy.gov.au/bjng/150521MR.html
(25 April 2015) ,"ANZAC Day Dawn Service, Australian Embassy, Beijing",/files/bjng/ANZAC Day Dawn Service Flyer for AUSTEMB website.pdf
(16 April 2015) ,Record number of Australian producers head to China,http://www.china.embassy.gov.au/bjng/150416MR.html
(20 March 2015) ,The Right Honourable Malcolm Fraser AC CH,https://www.pm.gov.au/media/2015-03-20/right-honourable-malcolm-fraser-ac-ch
(14-27 March 2015) ,2015 Australian Writers\' Week,/bjng/2015AWW.html
(03 March 2015) ,Culturally significant Chinese statue returns home,http://www.attorneygeneral.gov.au/Mediareleases/Pages/2015/FirstQuarter/5-March-2015-Culturally-significant-Chinese-statue-returns-home.aspx
(02 March 2015) ,Authors Announced for 2015 Australian Writers Week in China,/files/bjng/150302 Media Release 2015 Australian Writers Week in China (final).docx
(25 February 2015) ,Government to strengthen Australia\'s foreign investment framework ,https://www.pm.gov.au/media/2015-02-25/government-strengthen-australias-foreign-investment-framework
(23 January) ,New air deal with China: 2015 off to a flying start for Australian tourism ,http://www.minister.infrastructure.gov.au/wt/releases/2015/January/wt013_2015.aspx
(08 January) ,AUSTRALIA WISHES BEST OF LUCK TO THE CHINESE AND AUSTRALIAN TEAMS IN THE AFC ASIAN CUP 2015,http://www.china.embassy.gov.au/bjng/150108MR.html
(19 December 2016) ,"Media Release: One year on, China-Australia FTA delivers for Australia",http://trademinister.gov.au/releases/Pages/2016/sc_mr_161219a.aspx
(12 December 2016) ,Minister for Foreign Affairs the Hon Julie Bishop MP - Human rights speech,http://foreignminister.gov.au/speeches/Pages/2016/jb_sp_161212.aspx
(10 December 2016) ,International Human Rights Day statement by Australia’s Ambassador to China,https://china.embassy.gov.au/bjng/20161210.html
(5 December 2016) ,Australia and China agree on open aviation market,http://trademinister.gov.au/releases/Pages/2016/sc_mr_161204.aspx
(17 November 2016),Savour Australia,http://pwedit.titan.satin.lo/bjng/20161117savouraustralia.html
(26 October 2016),Historic announcement as Australia’s home-grown sport heads to China,http://pwedit.titan.satin.lo/bjng/20161027mediarelease.html
(27 September 2016),"Her Excellency Ms Jan Adams AO PSM, Australian Ambassador to the People’s Republic of China - Speech to the 16th China International Steel & Raw Materials Conference",http://pwedit.titan.satin.lo/bjng/20160929homspeech.html
(21 September 2016)," Her Excellency Ms Jan Adams AO PSM, Australian Ambassador to the People’s Republic of China - Speech to China-Australia Resources Investment Forum ",https://china.embassy.gov.au/bjng/20160921HOMspeech.html
(7 September 2016) ,Innovative Australian design to showcase at Beijing Design Week 2016,https://china.embassy.gov.au/bjng/events.html
(15 August 2016) ,ACT Legislative Assembly election 2016,https://china.embassy.gov.au/bjng/160815ACTelection.html
(8 April 2016) ,Prime Minister to visit China,https://www.pm.gov.au/media/2016-04-08/prime-minister-visit-china
(8 April 2016) ,Australia Week in China 2016 explores new frontiers in education and tourism,https://china.embassy.gov.au/bjng/08042016.html
(4 April 2016) ,Australia Week - Australia's largest ever trade mission,http://trademinister.gov.au/releases/Pages/2016/sc_mr_160404.aspx
(21 March 2016) ,Promoting Australia’s economic links with China,https://china.embassy.gov.au/bjng/mr160321.html
(14 February 2016) ,Foreign Minister's visit to Japan and China,http://foreignminister.gov.au/releases/Pages/2016/jb_mr_160214.aspx
(1 January 2016) ,Free trade agreements give Australian exporters reason to celebrate,http://ministers.dfat.gov.au/richardcolbeck/releases/Pages/2016/rc_mr_160101.aspx
(21 December 2017) ,Media release: Celebrating 45 years since the establishment of diplomatic relations between Australia and China,https://foreignminister.gov.au/releases/Pages/2017/jb_mr_171221a.aspx?w=tb1CaGpkPX%2FlS0K%2Bg9ZKEg%3D%3D
(20 December 2017) ,Media release: China Free Trade Agreement continues to deliver,http://trademinister.gov.au/releases/Pages/2017/sc_mr_171220a.aspx
(14 December 2017) ,Australian Ambassador Jan Adams' Speech at Australia-China 45th Anniversary Lunch,/bjng/171214homspeech.html
(10 December 2017) ,International Human Rights Day,/bjng/humanrightsday.html
(5 December 2017) ,Media release: New flights deliver more tourists to Queensland,http://trademinister.gov.au/releases/Pages/2017/sc_mr_171205.aspx?w=tb1CaGpkPX%2FlS0K%2Bg9ZKEg%3D%3D
(26 September 2017) ,Media release: Celebrating Australia-China Science and Innovation Cooperation,/bjng/20170926mr.html
(15 September 2017) ,Media release: Best of Australian design headlines Beijing Design Week 2017,/bjng/20170919mr.html
(15 September 2017) ,Media release: Strategic economic dialogue with China,http://sjm.ministers.treasury.gov.au/media-release/091-2017/
(14 September 2017) ,Media release: Visit to China for closer economic ties,http://trademinister.gov.au/releases/Pages/2017/sc_mr_170914a.aspx?w=tb1CaGpkPX%2FlS0K%2Bg9ZKEg%3D%3D
(13 September 2017) ,Media release: Australian Blockchain mission to China,http://trademinister.gov.au/releases/Pages/2017/sc_mr_170913.aspx?w=tb1CaGpkPX%2FlS0K%2Bg9ZKEg%3D%3D
(11 September 2017) ,Ambassador's speech at Beijing Foreign Studies University Academic Year Opening Ceremony ,/bjng/20170919speech.html
(28 August 2017) ,Media release: Tourism Ministers’ Meeting in Beijing,http://trademinister.gov.au/releases/Pages/2017/sc_mr_170828.aspx
(14 July 2017),STATEMENT ON THE DEATH OF LIU XIAOBO ,/bjng/20170714news.html
(6 June 2017) ,Media release: Successful Taskforce Blaze to Continue Fight against Illicit Drug Scourge,https://www.ministerjustice.gov.au/Mediareleases/Pages/2017/SecondQuarter/Successful-taskforce-blaze-to-continue-fight-against-illicit-drug-scourge.aspx
(6 June 2017) ,Media release: Strengthening cooperation on combatting transnational crime ties with China,https://www.ministerjustice.gov.au/Mediareleases/Pages/2017/SecondQuarter/Strengthening-cooperation-on-combatting-transnational-crime-ties-with-China.aspx
(24 March 2017) ,"Australian authors to tour China, the world’s second largest book market",/bjng/aww170324.html
(24 March 2017) ,Address to the China-Australia Cooperation on Economy and Trade Forum ,https://www.pm.gov.au/media/2017-03-24/address-china-australia-cooperation-economy-and-trade-forum
(24 March 2017) ,Statement from Australian Prime Minister: Visit to Australia by China's Premier Li Keqiang ,https://www.pm.gov.au/media/2017-03-24/visit-australia-chinas-premier-li-keqiang
(23 March 2017) ,"Speech at Luncheon in honour of His Excellency Li Keqiang, Premier of the State Council of the People’s Republic of China",//www.pm.gov.au/media/2017-03-23/speech-luncheon-honour-his-excellency-li-keqiang-premier-state-council-peoples
(17 March 2017) ,Media release from Australian Prime Minister: Premier of China's visit to Australia,https://www.pm.gov.au/media/2017-03-17/premier-chinas-visit-australia
(20 February 2017)  ,Media release: ,https://china.embassy.gov.au/bjng/trademinister.gov.au/releases/Pages/2017/sc_mr_170220.aspx
"
(20 February 2017) ",Joint Media Release with Minister Steven Ciobo - Online Visitor visas now available to Chinese nationals,http://www.minister.border.gov.au/peterdutton/Pages/online-visitor-visas-now-available-to-chinese-nationals.aspx
(6 February 2017) ,Media release: Australia-China Foreign and Strategic Dialogue,http://foreignminister.gov.au/releases/Pages/2017/jb_mr_170206.aspx?w=tb1CaGpkPX%2FlS0K%2Bg9ZKEg%3D%3D
(12 January 2017) ,ACELS - Foreign Policy White Paper Submissions,https://china.embassy.gov.au/bjng/FPWhitePaper.html
(13 December 2018) ,Australia re-signs landmark deal with China,https://www.afp.gov.au/news-media/media-releases/australia-re-signs-landmark-deal-china
(13 December 2018) ,Celebrating the 40th anniversary of the Australia-China Council,/bjng/20181213wzy.html
(14 November 2018) ,Annual Leaders’ Meeting with Chinese Premier Li Keqiang,https://www.pm.gov.au/media/annual-leaders-meeting-chinese-premier-li-keqiang
(7 November 2018) ,Australian and Chinese companies pen landmark agreements,https://trademinister.gov.au/releases/Pages/2018/sb_mr_181107a.aspx
(7 November 2018) ,New deal set to bring more Chinese tourists to Australia,https://trademinister.gov.au/releases/Pages/2018/sb_mr_181107.aspx
(5 November 2018) ,Australian Minister for Foreign Affairs: visit to China for 5th Australia-China Foreign and Strategic Dialogue,https://foreignminister.gov.au/releases/Pages/2018/mp_mr_181105a.aspx
(4 November 2018),Simon Birmingham: Australia's economy showcased at major Chinese expo CIIE,/bjng/181105en.html
(3 November 2018) ,"Australian Minister for Trade, Tourism and Investment visit to Shanghai and Hong Kong",https://trademinister.gov.au/releases/Pages/2018/sb_mr_181103.aspx
(8 October 2018) ,China to experience the diversity and dynamism of Australian performance ,/bjng/20181008mr.html
(4 October 2018) ,Prime Minister of Australia The Hon Scott Morrison MP speech at Chinese-Australian Community Event,/bjng/181005pmspeech.html
(20 September 2018) ,Australian Ambassador Jan Adams' Speech to the Opening Ceremony of the 18th CISA Steel and Raw Materials Conference ,/bjng/180920homspeech.html
(19 September 2018) ,Media release: Australian innovation and technology on display at Beijing Design Week 2018,https://china.embassy.gov.au/bjng/beijingdesignweek2018.html
(8 September 2018) ,"Media Release from the Minister for Trade, Tourism and Investment: Australian blockchain leaders head to China ",https://trademinister.gov.au/releases/Pages/2018/sb_mr_180908.aspx
(8 August 2018) ,Media release: New BHP Chair of Australian Studies at Peking University,https://foreignminister.gov.au/releases/Pages/2018/jb_mr_180808.aspx?w=tb1CaGpkPX%2FlS0K%2Bg9ZKEg%3D%3D
(7 August 2018),Prime Minister of Australia The Hon Malcolm Turnbull MP speech at the University of New South Wales,/bjng/180807pmspeech.html
(24 July 2018) ,New website for Chinese business events in Australia,http://trademinister.gov.au/releases/Pages/2018/sc_mr_180724a.aspx?w=tb1CaGpkPX%2FlS0K%2Bg9ZKEg%3D%3D
(6 July 2018) ,Australian Ambassador Jan Adams' Speech to the APEC China CEO Forum 2018,/bjng/180706homspeech.html
(19 June 2018) ,Remarks to the Australia China Business Council by Prime Minister of Australia,https://www.pm.gov.au/media/remarks-australia-china-business-council
(14 June 2018) ,"Media release: Australia-China Cultural diplomacy milestone, Old Masters: Australia’s Great Bark Artists tours China",/bjng/oldmasters.html
(6 June 2018) ,"National Press Club address by Minister for Trade, Tourism and Investment",http://trademinister.gov.au/speeches/Pages/2018/sc_sp_180606.aspx
(17 May 2018) ,"Minister for Trade, Tourism and Investment's Speech at AustCham Westpac Australia-China Business Awards, Shanghai",http://trademinister.gov.au/speeches/Pages/2018/sc_sp_180518.aspx
(16 May 2018) ,"Media release from Minister for Trade, Tourism and Investment: Visit to China",http://trademinister.gov.au/releases/Pages/2018/sc_mr_180516.aspx
(11 May 2018) ,AFP media release: Scam warning: fake ‘virtual kidnapping’ scam targets Chinese Australians ,https://www.afp.gov.au/news-media/media-releases/scam-warning-fake-%E2%80%98virtual-kidnapping%E2%80%99-scam-targets-chinese-australians
(18 April 2018) ,Media release: More Chinese tourists to Australia,http://trademinister.gov.au/releases/Pages/2018/sc_mr_180418.aspx
(11 April 2018) ,Secretary of the Department of the Prime Minister and Cabinet– Speech to the Australia China Business Council,https://www.pmc.gov.au/news-centre/pmc/martin-parkinson-speech-australia-china-business-council
(19 March 2018) ,"Minister for Trade, Tourism and Investment's Speech at Foreign Correspondents’ Club – Hong Kong",http://trademinister.gov.au/speeches/Pages/2018/sc_sp_180319.aspx?w=tb1CaGpkPX%2FlS0K%2Bg9ZKEg%3D%3D
(16 March 2018) ,Australian Embassy statement on post graduate research students’ and research scholars’ visa issue,https://china.embassy.gov.au/bjng/mr180316.html
(2 March 2018) ,Celebrated authors announced for 2018 Australian Writers Week in China,/bjng/aww180302.html
(8 February 2018) ,The Australian Government Department of Foreign Affairs and Trade (DFAT) 2018-19 grant rounds are open,https://china.embassy.gov.au/bjng/dfatgrants.html
(5 January 2018) ,Media release: Consul-General in Guangzhou,https://foreignminister.gov.au/releases/Pages/2018/jb_mr_180105.aspx
(18 December 2019) ,National Foundation for Australia-China Relations Sydney headquarters,https://www.foreignminister.gov.au/minister/marise-payne/media-release/national-foundation-australia-china-relations-sydney-headquarters
(10 December 2019) ,International Human Rights Day,https://www.foreignminister.gov.au/minister/marise-payne/media-release/international-human-rights-day
(6 November 2019) ,Global trade trends amid trade conflicts -- ,/bjng/20191106 Caixin speechDep Sec Langman.html
(6 November 2019) ,"Minister for Trade, Tourism and Investment Simon Birmingham's remarks at the opening of Australia House in Shanghai",https://www.trademinister.gov.au/minister/simon-birmingham/speech/opening-australia-house
(5 November 2019) ,Visit to China to back Australian exporters,https://www.trademinister.gov.au/minister/simon-birmingham/media-release/visit-china-back-australian-exporters
(1 November 2019) ,Boosting regional trade and investment ties,https://www.trademinister.gov.au/minister/simon-birmingham/media-release/boosting-regional-trade-and-investment-ties
(19 September 2019) ,CEDA State of the Nation Conference -- ,https://www.foreignminister.gov.au/minister/marise-payne/speech/ceda-state-nation-conference
(25 September 2019), Australian Ambassador to China Graham Fletcher's speech to the Opening Ceremony of the 19th CISA Steel and Raw Materials Conference,/bjng/20190926CISAHOMSpeechSept2019.html
(3 September 2019), Australian Ambassador to China Graham Fletcher’s opening remarks at the gala dinner in celebration of the 70th anniversary of the UNSW,/bjng/20190940OpeningRemarksUNSW70.html
(2 August 2019) ,"Minister for Trade, Tourism and Investment Simon Birmingham's speech at the AustCham breakfast",/bjng/20190802AustChamSpeech.html
(2 August 2019) ,Australia and China: Mutual benefits through trade liberalisation and multilateral trade reform ,https://trademinister.gov.au/speeches/Pages/2019/sb_sp_190802.aspx
(1 August 2019) ,Visit to China to advance regional trade,https://www.trademinister.gov.au/minister/simon-birmingham/media-release/visit-china-advance-regional-trade
(26 June 2019) ,"Minister for Trade, Tourism and Investment Simon Birmingham's speech at Australia China Business Council networking day",https://trademinister.gov.au/speeches/Pages/2019/sb_sp_190626.aspx?w=97hIoZC4PHe7VC%2F%2F1w31%2FA%3D%3D
(26 June 2019)  ,Where We Live,https://www.pm.gov.au/media/where-we-live-asialink-bloomberg-address
(2 June 2019) ,Australia's Experience in Applying Circular Economy,/bjng/speech190602.html
(20 May 2019) ,Celebrate a Festival of Australia,/bjng/FA20190520.html
(25 April 2019),Secretary Frances Adamson Remarks at Australia-China Reception,/bjng/Speech190425.html
(10 April 2019) ,Strengthening science ties with China,http://www.minister.industry.gov.au/ministers/karenandrews/media-releases/strengthening-science-ties-china
(29 March 2019) ,Strengthening the Future of the Australia-China Relationship,https://foreignminister.gov.au/releases/Pages/2019/mp_mr_190329a.aspx
(07 March 2019),New campaign to attract more Chinese travellers to Australia,https://trademinister.gov.au/releases/Pages/2019/sb_mr_190307.aspx
(06 March 2019) ,Authors announced for 2019 Australian Writers Week,/bjng/aww190306.html
(31 January 2019) ,Chinese New Year message from the Australian Ambassador to China,/bjng/20190131.html
(3 January 2019) ,New Year brings good news for Australian exporters ,https://trademinister.gov.au/releases/Pages/2019/sb_mr_190103.aspx?w=97hIoZC4PHe7VC%2F%2F1w31%2FA%3D%3D
(16 December 2020) ,WTO action to defend interests of Australia’s barley producers,https://www.trademinister.gov.au/minister/simon-birmingham/media-release/wto-action-defend-interests-australias-barley-producers
(10 December 2020) ,International Human Rights Day -- ,https://www.foreignminister.gov.au/minister/marise-payne/media-release/international-human-rights-day-0
(08 December 2020) ,Ensuring consistent Australian foreign policy,https://www.foreignminister.gov.au/minister/marise-payne/media-release/ensuring-consistent-australian-foreign-policy
(30 November 2020), Virtual Press Conference -- ,/bjng/virtualpressconference2.html
(19 November 2020 ) ,Joint statement on Hong Kong -- ,https://www.foreignminister.gov.au/minister/marise-payne/media-release/joint-statement-hong-kong-0
(16 November 2020) ,A Post COVID-19 Outlook: The Refreshing Global Economic  Landscape Caixin Summit Panel Remarks -- ,/bjng/CaixinSummitPanelRemarksChristopherLangman.html
(15 November 2020) ,Regional trade deal to boost export opportunities for Aussie farmers and businesses --,https://www.trademinister.gov.au/minister/simon-birmingham/media-release/regional-trade-deal-boost-export-opportunities-aussie-farmers-and-businesses
(12 November 2020) ,Statement on Hong Kong -- ,https://www.foreignminister.gov.au/minister/marise-payne/media-release/statement-hong-kong-2
 (11 November 2020 ) ,Online festival brings together Australia’s most acclaimed authors and contemporary Chinese writers -- ,/bjng/AustraliaWritesonlineliteraturefestival.html
11 November 2020 ) ,Australia–China architectural ingenuity in focus for world-first digital exhibition -- ,/bjng/Australia-Chinaarchitecturalingenuityinfocusforworld-firstdigitalexhibition.html
(10 November 2020) ,Ms Natasha Stott Despoja AO elected to the UN Committee on the Elimination of Discrimination against Women,https://www.foreignminister.gov.au/minister/marise-payne/media-release/ms-natasha-stott-despoja-ao-elected-un-committee-elimination-discrimination-against-women
(27 October 2020) ,Australia to host virtual WTO ministerial meeting -- ,https://www.trademinister.gov.au/minister/simon-birmingham/media-release/australia-host-virtual-wto-ministerial-meeting
(25 October 2020) ,Crisis and Opportunities: New Finance and New Economy in a New Situation,https://ministers.treasury.gov.au/ministers/jane-hume-2019/speeches/remarks-2020-bund-summit-shanghai-china
(14 October 2020) ,Statement on Dr Yang Hengjun -- ,https://www.foreignminister.gov.au/minister/marise-payne/media-release/statement-dr-yang-hengjun
(26 September 2020)  ,"Our Common Hope, UN General Assembly National Statement -- ",https://www.pm.gov.au/media/our-common-hope-un-general-assembly-national-statement
(10 August 2020) ,Joint statement on Hong Kong,www.foreignminister.gov.au/minister/marise-payne/media-release/statement-hong-kong-1
(04 August 2020) ,Australia’s export sector continues to boom despite ongoing challenges,https://www.trademinister.gov.au/minister/simon-birmingham/media-release/australias-export-sector-continues-boom-despite-ongoing-challenges
(31 July 2020), Foreign investment Reforms – Consultation on Exposure Draft Legislation,/bjng/ForeigninvestmentReformsConsultationonExposureDraftLegislation.html
(20 July 2020) ,Update on international student visa arrangements,https://ministers.dese.gov.au/tudge/supporting-international-students-support-australian-jobs
(9 Jul 2020) ,Extradition Treaty with Hong Kong -- ,https://www.pm.gov.au/media/extradition-treaty-hong-kong
(1 July 2020) ,Statement on Hong Kong,https://www.foreignminister.gov.au/minister/marise-payne/media-release/statement-hong-kong-0
(17 June 2020) ,Trading Australia towards the future,https://www.trademinister.gov.au/minister/simon-birmingham/speech/trading-australia-towards-future
(16 June 2020) ,Australia and the world in the time of COVID-19,https://www.foreignminister.gov.au/minister/marise-payne/speech/australia-and-world-time-covid-19
(8 June 2020 ) ,Statement from Federal Tourism Minister Simon Birmingham,/bjngchinese/StatementfromFederalTourismMinisterSimonBirminghamEN.html
(5 June 2020 ) ,Major reforms to Australia’s foreign investment framework,https://ministers.treasury.gov.au/ministers/josh-frydenberg-2018/media-releases/major-reforms-australias-foreign-investment-framework
(28 May 2020) ,Joint statement on Hong Kong,https://www.foreignminister.gov.au/minister/marise-payne/media-release/joint-statement-hong-kong
(23 May 2020) ,Joint statement on Hong Kong national security legislation --,https://www.foreignminister.gov.au/minister/marise-payne/media-release/joint-statement-hong-kong-national-security-legislation
(19 May 2020) ,World Health Assembly resolution on COVID-19,https://www.foreignminister.gov.au/minister/marise-payne/media-release/world-health-assembly-resolution-covid-19
(11 May 2020) ,Op-ed by Foreign Minister Marise Payne for the Australian Strategic Policy Institute’s The Strategist website.,https://www.aspistrategist.org.au/the-pandemics-gender-imperative/
(23 April 2020) ,A message from Ambassador Graham Fletcher on commemorating Anzac Day 2020.,/bjng/2020ANZACDayMessagefromGrahamFletcher.html
(19 April 2020) ,Statement on arrests of pro-democracy figures in Hong Kong,https://www.foreignminister.gov.au/minister/marise-payne/media-release/statement-arrests-pro-democracy-figures-hong-kong
(29 March 2020 ) ,Changes to foreign investment framework,https://ministers.treasury.gov.au/ministers/josh-frydenberg-2018/media-releases/changes-foreign-investment-framework?from=singlemessage&isappinstalled=0
(26 March 2020) ,Australian Ambassador to China Graham Fletcher gives an update about the current situation of the COVID-19 affecting Australians in China.,/bjng/2020MessagefromGrahamFletcher.html
(27 February 2020) ,National Foundation for Australia-China Relations advisory board members ,https://www.foreignminister.gov.au/minister/marise-payne/media-release/national-foundation-australia-china-relations-advisory-board-members
(30 December 2021) ,Foreign Minister Marise Payne's statement on Hong Kong (from Twitter) ,https://twitter.com/MarisePayne/status/1476438020681207812
(20 December 2021) ,Joint Statement on Legislative Council elections,https://www.foreignminister.gov.au/minister/marise-payne/media-release/joint-statement-legislative-council-elections
(10 December 2021) ,Human Rights Day,https://www.foreignminister.gov.au/minister/marise-payne/media-release/human-rights-day
(01 December 2021) ,National Foundation for Australia-China Relations Chief Executive Officer appointment,https://www.foreignminister.gov.au/minister/marise-payne/media-release/national-foundation-australia-china-relations-chief-executive-officer-appointment
(17 November 2021) ,National Foundation for Australia-China Relations grants,https://www.foreignminister.gov.au/minister/marise-payne/media-release/national-foundation-australia-china-relations-grants-0
(20 October 2021) ,WTO Trade Policy Review of China Trade 2021 - Australia Statement,https://www.dfat.gov.au/trade/organisations/wto/trade-monitoring-and-reviews/wto-trade-policy-review-china-trade-2021-australia-statement
(22 October 2021) ,Foreign Minister's statement (from Twitter),https://twitter.com/MarisePayne/status/1451294795905712130
(September 2021) ,Mid-Autumn Moon Festival 2021,http://pwedit.titan.satin.lo/bjng/Mid-AutumnMoonFestival2021PrimeMinister.html
(16 August 2021) ,Statement on Afghanistan,https://www.foreignminister.gov.au/minister/marise-payne/media-release/statement-afghanistan
(13 August 2021),Statement on Cheng Lei,https://www.foreignminister.gov.au/minister/marise-payne/media-release/statement-cheng-lei-0
(05 August 2021) ,Address to Australia China Business Council,https://www.foreignminister.gov.au/minister/marise-payne/speech/address-australia-china-business-council
(19 July 2021) ,Australia joins international partners in attribution of malicious cyber activity to China,https://www.foreignminister.gov.au/minister/marise-payne/media-release/australia-joins-international-partners-attribution-malicious-cyber-activity-china
(12 July 2021) ,Marking the 5th Anniversary of the South China Sea Arbitral Award,https://www.foreignminister.gov.au/minister/marise-payne/media-release/marking-5th-anniversary-south-china-sea-arbitral-award
(10 July 2021) ,Media Freedom Coalition statement on Hong Kong,https://www.dfat.gov.au/international-relations/international-organisations/un/unhrc-2018-2020/pillars-and-priorities/media-freedom-coalition-statement-hong-kong
(04 July 2021) ,Revitalising international cooperation on nuclear non-proliferation,/bjng/SpeechbyGrahamFletcheratWorldPeaceForum.html
(22 June 2021) ,Australia challenges UNESCO draft reef recommendation,https://minister.awe.gov.au/ley/media-releases/australia-challenges-unesco-draft-reef-reccommendation
(19 June 2021) ,WTO action to defend Australia’s wine makers,https://www.trademinister.gov.au/minister/dan-tehan
(09 June 2021) , A world order that favours freedom,https://www.pm.gov.au/media/address-perth-usasia-centre-perth-wa
(09 June 2021) ,Australia's continued leadership on HIV/AIDS,https://www.foreignminister.gov.au/minister/marise-payne/media-release/australias-continued-leadership-hivaids
(28 May 2021) ,WTO panel to be established in barley dispute ,https://www.trademinister.gov.au/minister/dan-tehan/media-release/wto-panel-be-established-barley-dispute
(21 May 2021) ,Statement on Dr Yang Hengjun,https://www.foreignminister.gov.au/minister/marise-payne/media-release/statement-dr-yang-hengjun-0
(22 April 2021) ,Cutting emissions and creating jobs with international partnerships,https://www.pm.gov.au/media/cutting-emissions-and-creating-jobs-international-partnerships
(30 March 2021) ,Joint Statement on the WHO-Convened COVID-19 Origins Study,https://www.dfat.gov.au/news/media-release/joint-statement-who-convened-covid-19-origins-study
(23 March 2021) ,Joint statement on Human Rights Abuses in Xinjiang  ,https://www.foreignminister.gov.au/minister/marise-payne/media-release/joint-statement-human-rights-abuses-xinjiang
(March 2021) ,OECD Secretary-General Selection,https://www.cormannoecd.gov.au/
(13 March 2021) ,The Spirit of the Quad,https://www.pm.gov.au/media/quad-leaders-joint-statement-spirit-quad
(13 March 2021) ,Joint statement on electoral changes in Hong Kong,https://www.foreignminister.gov.au/minister/marise-payne/media-release/joint-statement-electoral-changes-hong-kong
(19 February 2021), Quad Foreign Ministers’ Meeting,https://www.foreignminister.gov.au/minister/marise-payne/media-release/quad-foreign-ministers-meeting
(16 February 2021), Declaration against the use of arbitrary detention in state-to-state relations,https://www.foreignminister.gov.au/minister/marise-payne/media-release/declaration-against-use-arbitrary-detention-state-state-relations
(08 February 2021) ,Statement on Ms Cheng Lei,https://www.foreignminister.gov.au/minister/marise-payne/media-release/statement-ms-cheng-lei
(10 January 2021)  ,Joint statement on arrests in Hong Kong,https://www.foreignminister.gov.au/minister/marise-payne/media-release/joint-statement-arrests-hong-kong
(06 January 2021, Hong Kong statement,https://www.foreignminister.gov.au/minister/marise-payne/media-release/hong-kong-statement
(6 May 2022) ,Australian and Chinese officials discuss the Pacific,https://www.dfat.gov.au/news/media-release/australian-and-chinese-officials-discuss-pacific
(4 May 2022) ,Additional sanctions in response to Russia's invasion,https://www.foreignminister.gov.au/minister/marise-payne/media-release/additional-sanctions-response-russias-invasion
(22 April 2022) ,Additional Sanctions on Russia,https://www.foreignminister.gov.au/minister/marise-payne/media-release/additional-sanctions-russia
(19 April 2022) ,Joint Statement on Solomon Islands,https://www.foreignminister.gov.au/minister/marise-payne/media-release/joint-statement-solomon-islands-0
(14 April 2022) ,Additional sanctions on Russian state-owned enterprises,https://www.foreignminister.gov.au/minister/marise-payne/media-release/additional-sanctions-russian-state-owned-enterprises
(08 April 2022) ,Australia to gift 20 Bushmasters to Government of Ukraine,https://www.pm.gov.au/media/australia-gift-20-bushmasters-government-ukraine
(07 April 2022) ,Further Russia Sanctions,https://www.foreignminister.gov.au/minister/marise-payne/media-release/further-russia-sanctions
(05 April 2022) ,Luxury Exports Ban to Russia,https://www.foreignminister.gov.au/minister/marise-payne/media-release/luxury-exports-ban-russia
(01 April 2022) ,New Requirement to apply for a Director Identification Number,/bjng/newrequirementtoapplyforadirectoridentificationnumber.html
(31 March 2022) ,Additional Military Assistance to Ukraine,https://www.pm.gov.au/media/additional-military-assistance-ukraine
(31 March 2022) ,Statement on Cheng Lei,https://www.foreignminister.gov.au/minister/marise-payne/media-release/statement-cheng-lei-1
(31 March 2022) ,Australia to Impose Tariff Increases on All Imports from Russia,https://www.pm.gov.au/media/australia-impose-tariff-increases-all-imports-russia
(25 March 2022) ,Joint Statement of Female Foreign Ministers on the occasion of the re-opening of schools in Afghanistan,https://www.foreignminister.gov.au/minister/marise-payne/media-release/joint-statement-female-foreign-ministers-occasion-re-opening-schools-afghanistan
(29 March 2022) ,Australia's first Magnitsky-style sanctions,https://www.foreignminister.gov.au/minister/marise-payne/media-release/australias-first-magnitsky-style-sanctions
(28 March 2022) ,Australia and the UK work together to get vital aid to Ukraine,https://www.foreignminister.gov.au/minister/marise-payne/media-release/australia-and-uk-work-together-get-vital-aid-ukraine
(26 March 2022) ,Statement on Ms Cheng Lei,https://www.foreignminister.gov.au/minister/marise-payne/media-release/statement-ms-cheng-lei-0
(25 March 2022) ,Australia places additional sanctions on Russia and Belarus,https://www.foreignminister.gov.au/minister/marise-payne/media-release/australia-places-additional-sanctions-russia-and-belarus
(20 March 2022) ,Additional support to Ukraine,https://www.foreignminister.gov.au/minister/marise-payne/media-release/additional-support-ukraine
(18 March 2022),New sanctions on Russian banks and oligarchs,https://www.foreignminister.gov.au/minister/marise-payne/media-release/new-sanctions-russian-banks-and-oligarchs
(14 March 2022) ,Australia and the Netherlands initiate MH17 legal proceedings,https://www.foreignminister.gov.au/minister/marise-payne/media-release/australia-and-netherlands-initiate-mh17-legal-proceedings
 (14 March 2022) ,Australia joins the UK and US in sanctioning key Russian oligarchs,https://www.foreignminister.gov.au/minister/marise-payne/media-release/australia-joins-uk-and-us-sanctioning-key-russian-oligarchs
(08 March 2022) ,Further sanctions on Russia,https://www.foreignminister.gov.au/minister/marise-payne/media-release/further-sanctions-russia
(01 March 2022）,Establishment of WTO panel in China’s challenge to Australia’s trade remedies on certain products,https://www.trademinister.gov.au/minister/dan-tehan/media-release/establishment-wto-panel-chinas-challenge-australias-trade-remedies-certain-products
(28 February 2022）,Economic Measures Against Russia And Lethal Military Equipment For Ukraine,https://www.pm.gov.au/media/economic-measures-against-russia-and-lethal-military-equipment-ukraine
(24 February 2022）,Statement on Russia's Invasion of Ukraine,https://www.pm.gov.au/media/statement-russias-invasion-ukraine
(21 February 2022）,Australia welcomes back international tourists,https://www.trademinister.gov.au/minister/dan-tehan/media-release/australia-welcomes-back-international-tourists
(09 February 2022）,Media Freedom Coalition statement on closure of media outlets in Hong Kong,https://www.dfat.gov.au/international-relations/international-organisations/un/unhrc-2018-2020/pillars-and-priorities/media-freedom-coalition-statement-closure-media-outlets-hong-kong
(07 February 2022）,Reopening to tourists and other international travellers to secure our economic recovery,https://www.pm.gov.au/media/reopening-tourists-and-other-international-travellers-secure-our-economic-recovery
 (16 January 2022)  ,Australia to provide assistance to Tonga following volcanic eruption and tsunami,https://www.foreignminister.gov.au/minister/marise-payne/media-release/australia-provide-assistance-tonga-following-volcanic-eruption-and-tsunami
(15 January 2022) ,China's WTO challenge to Australia's trade remedies on certain products,https://www.trademinister.gov.au/minister/dan-tehan/media-release/chinas-wto-challenge-australias-trade-remedies-certain-products
